"Brand","Model","Category","Price","Currency","Description","Specifications","Main photo","Additional photos","Video URL"
"Arcfox","Arcfox alpha S (5 мест)","Электромобиль или гибрид","От 373 000 ¥","CNY","Характеристики: Размеры 4930 x 1940 x 1599mm Колёсная база 2915 мм Колеса 245/45 R20 Батарея 100 kwh Мощность: Полный привод - 435 л.с. Разгон до 100: 4.2 сек. Дальность хода по циклу NEDC: 630 км","Характеристики: Размеры 4930 x 1940 x 1599mm Колёсная база 2915 мм Колеса 245/45 R20 Батарея 100 kwh Мощность: Полный привод - 435 л.с. Разгон до 100: 4.2 сек. Дальность хода по циклу NEDC: 630 км | Информация о покупке Основная цена указана в городе Гуанчжоу со всеми экспортными документами. Доставка в Туругарт + затаможка (Граница Китая и Кыргызстана) + 12 000 юаней (минимальный заказ от 1 автомобиля) Доставка в Хоргос + затаможка (граница Китая и Казахстана) + 10 500 юаней (минимальный заказ от 1 автомобиля) Доставка в порт Шанхая (со всеми экспортными документами) + 8 000 юаней (минимальный заказ от 1 автомобиля) Расчет возможен в юанях или долларах по курсу покупки юаня за доллар в Китае. Условия: между клиентом и нашей экспортной компанией контракт купли продажи. С этим контрактом идете в банк и оплачиваете международным переводом. Если автомобиль есть в наличии у дилера, мы работаем по 100% предоплате. Если автомобиля в наличии у дилера нет и нужно ждать пока фабрика его произведет, то сначала мы бронируем автомобиль на фабрике (это от 5000 до 20 000 юаней) и ждем пока фабрика его произведет. Затем контракт и 100% предоплата. Сроки: если автомобиль есть в наличии у дилера, мы берем 30 дней с момента покупки автомобиля до выдачи клиенту в Гуанчжоу. 40-50 дней до выдачи в Хоргосе. 40 дней до выдачи в порту Шанхая. (Эти сроки связаны с тем, что на автомобили нужно делать экспортные документы, перед выдачей клиенту) Сроки: если автомобиля в наличии у дилера нет. То плюс те сроки, которые фабрика возьмет на производство автомобиля. Задержки могут возникать из-за форсмажорных обстоятельств. Эпидемии, тайфуны, землетрясения, война, наводнения. Если такое случится, будем доказывать это из официальных источников. Тест-драйв и обзор на этот автомобиль https://youtu.be/TyNnFoZe5Do","https://cdn.relaxdev.ru/users/avnhome2012@yandex.ru/era-toka-auto-pro/Era-Toka/0.webp","https://cdn.relaxdev.ru/users/avnhome2012@yandex.ru/era-toka-auto-pro/Era-Toka/0.webp | https://cdn.relaxdev.ru/users/avnhome2012@yandex.ru/era-toka-auto-pro/Era-Toka/i.webp | https://cdn.relaxdev.ru/users/avnhome2012@yandex.ru/era-toka-auto-pro/Era-Toka/new-arcfox-2.webp","https://youtu.be/TyNnFoZe5Do"
"Arcfox","Arcfox alpha T","Электромобиль или гибрид","От 348 000 ¥","CNY","Характеристики: Размеры 4788 x 1940 x 1683mm Колёсная база 2915 мм Колеса 245/45 R20 Батарея 100 kwh Мощность: Полный привод - 435 л.с. Разгон до 100: 4.6 сек. Дальность хода по циклу NEDC: 600 км","Характеристики: Размеры 4788 x 1940 x 1683mm Колёсная база 2915 мм Колеса 245/45 R20 Батарея 100 kwh Мощность: Полный привод - 435 л.с. Разгон до 100: 4.6 сек. Дальность хода по циклу NEDC: 600 км | Информация о покупке Основная цена указана в городе Гуанчжоу со всеми экспортными документами. Доставка в Туругарт + затаможка (Граница Китая и Кыргызстана) + 12 000 юаней (минимальный заказ от 1 автомобиля) Доставка в Хоргос + затаможка (граница Китая и Казахстана) + 10 500 юаней (минимальный заказ от 1 автомобиля) Доставка в порт Шанхая (со всеми экспортными документами) + 8 000 юаней (минимальный заказ от 1 автомобиля) Расчет возможен в юанях или долларах по курсу покупки юаня за доллар в Китае. Условия: между клиентом и нашей экспортной компанией контракт купли продажи. С этим контрактом идете в банк и оплачиваете международным переводом. Если автомобиль есть в наличии у дилера, мы работаем по 100% предоплате. Если автомобиля в наличии у дилера нет и нужно ждать пока фабрика его произведет, то сначала мы бронируем автомобиль на фабрике (это от 5000 до 20 000 юаней) и ждем пока фабрика его произведет. Затем контракт и 100% предоплата. Сроки: если автомобиль есть в наличии у дилера, мы берем 30 дней с момента покупки автомобиля до выдачи клиенту в Гуанчжоу. 40-50 дней до выдачи в Хоргосе. 40 дней до выдачи в порту Шанхая. (Эти сроки связаны с тем, что на автомобили нужно делать экспортные документы, перед выдачей клиенту) Сроки: если автомобиля в наличии у дилера нет. То плюс те сроки, которые фабрика возьмет на производство автомобиля. Задержки могут возникать из-за форсмажорных обстоятельств. Эпидемии, тайфуны, землетрясения, война, наводнения. Если такое случится, будем доказывать это из официальных источников. Тест-драйв и обзор на этот автомобиль https://www.youtube.com/watch?v=Nvh-sW9qoUc","https://project--dbec8924-ca7b-41f6-b87a-9cd9693ce1a1.lovable.app/__l5e/assets-v1/7d5d6ccc-1a99-40fc-b9b5-6003c89e83aa/catalog-car-002.jpg","","https://www.youtube.com/watch?v=Nvh-sW9qoUc"
"Audi","Audi Q4 e-trone 50 quattro","Электромобиль или гибрид","От 301 000 ¥","CNY","Характеристики: Размеры 4588 x 1865 x 1625mm Колесная база 2765 mm Колеса 255/40 R21 Батарея 82.4 kwh Мощность: Полный привод - 312 л.с. Разгон до 100: 6.8 сек. Дальность хода по циклу CLTC: 620 км","Характеристики: Размеры 4588 x 1865 x 1625mm Колесная база 2765 mm Колеса 255/40 R21 Батарея 82.4 kwh Мощность: Полный привод - 312 л.с. Разгон до 100: 6.8 сек. Дальность хода по циклу CLTC: 620 км | Информация о покупке Размеры 4588 x 1865 x 1625mm Колесная база 2765 mm Колеса 255/40 R21 Батарея 82.4 kwh Мощность: Полный привод - 312 л.с. Разгон до 100: 6.8 сек. Дальность хода по циклу CLTC: 620 км Основная цена указана в городе Гуанчжоу со всеми экспортными документами. Доставка в Туругарт + затаможка (Граница Китая и Кыргызстана) + 12 000 юаней (минимальный заказ от 1 автомобиля) Доставка в Хоргос + затаможка (граница Китая и Казахстана) + 10 500 юаней (минимальный заказ от 1 автомобиля) Доставка в порт Шанхая (со всеми экспортными документами) + 8 000 юаней (минимальный заказ от 1 автомобиля) Расчет возможен в юанях или долларах по курсу покупки юаня за доллар в Китае. Условия: между клиентом и нашей экспортной компанией контракт купли продажи. С этим контрактом идете в банк и оплачиваете международным переводом. Если автомобиль есть в наличии у дилера, мы работаем по 100% предоплате. Если автомобиля в наличии у дилера нет и нужно ждать пока фабрика его произведет, то сначала мы бронируем автомобиль на фабрике (это от 5000 до 20 000 юаней) и ждем пока фабрика его произведет. Затем контракт и 100% предоплата. Сроки: если автомобиль есть в наличии у дилера, мы берем 30 дней с момента покупки автомобиля до выдачи клиенту в Гуанчжоу. 40-50 дней до выдачи в Хоргосе. 40 дней до выдачи в порту Шанхая. (Эти сроки связаны с тем, что на автомобили нужно делать экспортные документы, перед выдачей клиенту) Сроки: если автомобиля в наличии у дилера нет. То плюс те сроки, которые фабрика возьмет на производство автомобиля. Задержки могут возникать из-за форсмажорных обстоятельств. Эпидемии, тайфуны, землетрясения, война, наводнения. Если такое случится, будем доказывать это из официальных источников. Тест-драйв и обзор на этот автомобиль","https://project--dbec8924-ca7b-41f6-b87a-9cd9693ce1a1.lovable.app/__l5e/assets-v1/e0665cbc-e231-4b7b-b6d0-a094592734ff/catalog-car-003.jpg","",""
"Avatr","Avatr 07 топ hybrid","Электромобиль или гибрид","От 304 000 ¥","CNY","Характеристики: Размеры 4825 x 1980 x 1620 Колёсная база 2940 mm. Колеса 265/45 R21 (идут допом) Батарея 39 kwh Бак 45л Мощность 490 лс Привод полный Пневма Разгон 4.9 сек / 100","Характеристики: Размеры 4825 x 1980 x 1620 Колёсная база 2940 mm. Колеса 265/45 R21 (идут допом) Батарея 39 kwh Бак 45л Мощность 490 лс Привод полный Пневма Разгон 4.9 сек / 100 | Информация о покупке Камеры вместо боковых зеркал заднего вида + экран приветствия над копотом под дворниками = 18 000 юаней Расчет возможен в юанях или долларах по курсу покупки юаня за доллар в Китае. Условия: между клиентом и нашей экспортной компанией контракт купли продажи. С этим контрактом идете в банк и оплачиваете международным переводом. Если автомобиль есть в наличии у дилера, мы работаем по 100% предоплате. Если автомобиля в наличии у дилера нет и нужно ждать пока фабрика его произведет, то сначала мы бронируем автомобиль на фабрике (это от 5000 до 20 000 юаней) и ждем пока фабрика его произведет. Затем контракт и 100% предоплата. Сроки: если автомобиль есть в наличии у дилера, мы берем 30 дней с момента покупки автомобиля до выдачи клиенту в Гуанчжоу. 40-50 дней до выдачи в Хоргосе. 40 дней до выдачи в порту Шанхая. (Эти сроки связаны с тем, что на автомобили нужно делать экспортные документы, перед выдачей клиенту) Обзор и тест-драйв https://youtu.be/TyNnFoZe5Do","https://project--dbec8924-ca7b-41f6-b87a-9cd9693ce1a1.lovable.app/__l5e/assets-v1/fe642f8e-9789-47dc-8b22-18da9d5b8447/catalog-car-004.png","",""
"Avatr","Avatr 07 топ электро","Электромобиль или гибрид","От 315 000 ¥","CNY","Характеристики: Размеры 4825 x 1980 x 1620 Колёсная база 2940 mm. Колеса 265/45 R21 (идут допом) Батарея 82 kwh Мощность 590 лс Привод полный Пневма Разгон 3.9 сек / 100","Характеристики: Размеры 4825 x 1980 x 1620 Колёсная база 2940 mm. Колеса 265/45 R21 (идут допом) Батарея 82 kwh Мощность 590 лс Привод полный Пневма Разгон 3.9 сек / 100 | Информация о покупке Камеры вместо боковых зеркал заднего вида + экран приветствия над копотом под дворниками = 18 000 юаней Расчет возможен в юанях или долларах по курсу покупки юаня за доллар в Китае. Условия: между клиентом и нашей экспортной компанией контракт купли продажи. С этим контрактом идете в банк и оплачиваете международным переводом. Если автомобиль есть в наличии у дилера, мы работаем по 100% предоплате. Если автомобиля в наличии у дилера нет и нужно ждать пока фабрика его произведет, то сначала мы бронируем автомобиль на фабрике (это от 5000 до 20 000 юаней) и ждем пока фабрика его произведет. Затем контракт и 100% предоплата. Сроки: если автомобиль есть в наличии у дилера, мы берем 30 дней с момента покупки автомобиля до выдачи клиенту в Гуанчжоу. 40-50 дней до выдачи в Хоргосе. 40 дней до выдачи в порту Шанхая. (Эти сроки связаны с тем, что на автомобили нужно делать экспортные документы, перед выдачей клиенту) Обзор и тест-драйв https://youtu.be/TyNnFoZe5Do","https://project--dbec8924-ca7b-41f6-b87a-9cd9693ce1a1.lovable.app/__l5e/assets-v1/2170fefd-399a-4105-ac17-8971af70838f/catalog-car-005.png","",""
"Avatr","Avatr 11 (топ) 4 мест","Электромобиль или гибрид","От 407 000 ¥","CNY","Характеристики: Размеры 4880x1970x1601mm Колесная база 2975 mm Колеса 265/40 R22 Тормоза brembo Батарея 116 kwh Мощность: Полный привод - 580 л.с. Разгон до 100: 3.9 сек. Максимальная скорость (км / ч): 230 Дальность хода по циклу NEDC: 600 км","Характеристики: Размеры 4880x1970x1601mm Колесная база 2975 mm Колеса 265/40 R22 Тормоза brembo Батарея 116 kwh Мощность: Полный привод - 580 л.с. Разгон до 100: 3.9 сек. Максимальная скорость (км / ч): 230 Дальность хода по циклу NEDC: 600 км | Информация о покупке Avatr 11 (топ) 5 мест - 359 000 юаней Основная цена указана в городе Гуанчжоу со всеми экспортными документами. Доставка в Туругарт + затаможка (Граница Китая и Кыргызстана) + 12 000 юаней (минимальный заказ от 1 автомобиля) Доставка в Хоргос + затаможка (граница Китая и Казахстана) + 10 500 юаней (минимальный заказ от 1 автомобиля) Доставка в порт Шанхая (со всеми экспортными документами) + 8 000 юаней (минимальный заказ от 1 автомобиля) Расчет возможен в юанях или долларах по курсу покупки юаня за доллар в Китае. Условия: между клиентом и нашей экспортной компанией контракт купли продажи. С этим контрактом идете в банк и оплачиваете международным переводом. Если автомобиль есть в наличии у дилера, мы работаем по 100% предоплате. Если автомобиля в наличии у дилера нет и нужно ждать пока фабрика его произведет, то сначала мы бронируем автомобиль на фабрике (это от 5000 до 20 000 юаней) и ждем пока фабрика его произведет. Затем контракт и 100% предоплата. Сроки: если автомобиль есть в наличии у дилера, мы берем 30 дней с момента покупки автомобиля до выдачи клиенту в Гуанчжоу. 40-50 дней до выдачи в Хоргосе. 40 дней до выдачи в порту Шанхая. (Эти сроки связаны с тем, что на автомобили нужно делать экспортные документы, перед выдачей клиенту) Сроки: если автомобиля в наличии у дилера нет. То плюс те сроки, которые фабрика возьмет на производство автомобиля. Задержки могут возникать из-за форсмажорных обстоятельств. Эпидемии, тайфуны, землетрясения, война, наводнения. Если такое случится, будем доказывать это из официальных источников. Обзор и тест драйв на автомобиль https://www.youtube.com/watch?v=Z779j-O77Yw&t=490s","https://project--dbec8924-ca7b-41f6-b87a-9cd9693ce1a1.lovable.app/__l5e/assets-v1/30ac13fb-9db9-48a4-ae2f-afada7db8a39/catalog-car-006.jpg","",""
"Avatr","Avatr 12 в топе","Электромобиль или гибрид","От 431 000 ¥","CNY","Характеристики: Размеры 5020x1999x1460 Колесная база 3000 mm Колеса R21 Батарея 94 kwh Мощность: Полный привод - 570 л.с. Разгон 0-100: 3.9 сек. Максимальная скорость (км / ч): 230 Дальность хода по циклу NEDC: 600 км","Характеристики: Размеры 5020x1999x1460 Колесная база 3000 mm Колеса R21 Батарея 94 kwh Мощность: Полный привод - 570 л.с. Разгон 0-100: 3.9 сек. Максимальная скорость (км / ч): 230 Дальность хода по циклу NEDC: 600 км | Информация о покупке Камеры вместо зеркал заднего вида + 12 000 юаней Основная цена указана в городе Гуанчжоу со всеми экспортными документами. Доставка в Туругарт + затаможка (Граница Китая и Кыргызстана) + 12 000 юаней (минимальный заказ от 1 автомобиля) Камеры вместо зеркал заднего вида + 12000 юаней Доставка в Хоргос + затаможка (граница Китая и Казахстана) + 10 500 юаней (минимальный заказ от 1 автомобиля) Доставка в порт Шанхая (со всеми экспортными документами) + 8 000 юаней (минимальный заказ от 1 автомобиля) Расчет возможен в юанях или долларах по курсу покупки юаня за доллар в Китае. Условия: между клиентом и нашей экспортной компанией контракт купли продажи. С этим контрактом идете в банк и оплачиваете международным переводом. Если автомобиль есть в наличии у дилера, мы работаем по 100% предоплате. Если автомобиля в наличии у дилера нет и нужно ждать пока фабрика его произведет, то сначала мы бронируем автомобиль на фабрике (это от 5000 до 20 000 юаней) и ждем пока фабрика его произведет. Затем контракт и 100% предоплата. Сроки: если автомобиль есть в наличии у дилера, мы берем 30 дней с момента покупки автомобиля до выдачи клиенту в Гуанчжоу. 40-50 дней до выдачи в Хоргосе. 40 дней до выдачи в порту Шанхая. (Эти сроки связаны с тем, что на автомобили нужно делать экспортные документы, перед выдачей клиенту) Сроки: если автомобиля в наличии у дилера нет. То плюс те сроки, которые фабрика возьмет на производство автомобиля. Задержки могут возникать из-за форсмажорных обстоятельств. Эпидемии, тайфуны, землетрясения, война, наводнения. Если такое случится, будем доказывать это из официальных источников.","https://project--dbec8924-ca7b-41f6-b87a-9cd9693ce1a1.lovable.app/__l5e/assets-v1/9c202245-dcf2-4dbf-89bd-52b50b914182/catalog-car-007.jpg","",""
"BYD","BYD Han L EV в топе","Электромобиль или гибрид","От 304 000 ¥","CNY","Характеристики: Размеры 5050x1960x1505 mm Колесная база 2970 mm Батарея 83.4 kwh Мощность: Полный привод - 1100 л.с. Разгон до 100: 2.7 сек. Дальность хода по циклу СLTC 601 км","Характеристики: Размеры 5050x1960x1505 mm Колесная база 2970 mm Батарея 83.4 kwh Мощность: Полный привод - 1100 л.с. Разгон до 100: 2.7 сек. Дальность хода по циклу СLTC 601 км | Информация о покупке Основная цена указана в городе Гуанчжоу со всеми экспортными документами. Доставка в Туругарт + затаможка (Граница Китая и Кыргызстана) + 12 000 юаней (минимальный заказ от 1 автомобиля) Доставка в Хоргос + затаможка (граница Китая и Казахстана) + 10 500 юаней (минимальный заказ от 1 автомобиля) Доставка в порт Шанхая (со всеми экспортными документами) + 8 000 юаней (минимальный заказ от 1 автомобиля) Расчет возможен в юанях или долларах по курсу покупки юаня за доллар в Китае. Условия: между клиентом и нашей экспортной компанией контракт купли продажи. С этим контрактом идете в банк и оплачиваете международным переводом. Если автомобиль есть в наличии у дилера, мы работаем по 100% предоплате. Если автомобиля в наличии у дилера нет и нужно ждать пока фабрика его произведет, то сначала мы бронируем автомобиль на фабрике (это от 5000 до 20 000 юаней) и ждем пока фабрика его произведет. Затем контракт и 100% предоплата. Сроки: если автомобиль есть в наличии у дилера, мы берем 30 дней с момента покупки автомобиля до выдачи клиенту в Гуанчжоу. 40-50 дней до выдачи в Хоргосе. 40 дней до выдачи в порту Шанхая. (Эти сроки связаны с тем, что на автомобили нужно делать экспортные документы, перед выдачей клиенту) Сроки: если автомобиля в наличии у дилера нет. То плюс те сроки, которые фабрика возьмет на производство автомобиля. Задержки могут возникать из-за форсмажорных обстоятельств. Эпидемии, тайфуны, землетрясения, война, наводнения. Если такое случится, будем доказывать это из официальных источников. Обзор на этот автомобиль https://youtu.be/6tiicVaYMz8","https://project--dbec8924-ca7b-41f6-b87a-9cd9693ce1a1.lovable.app/__l5e/assets-v1/a990c8df-5c28-4b47-8b0c-7a2bcf063bb4/catalog-car-008.jpg","",""
"BYD","BYD Han L dm гибрид в топе","Электромобиль или гибрид","От 284 000 ¥","CNY","Характеристики: Размеры 5050x1960x1505 mm Колесная база 2970 mm ДВС 1.5T - 160 лс 2 электромотора 540 лс Общая мощность: полный привод - 700 л.с. Разгон до 100: 3.9 сек. Батарея 29.4 kwh Дальность хода по циклу СLTC 180 км","Характеристики: Размеры 5050x1960x1505 mm Колесная база 2970 mm ДВС 1.5T - 160 лс 2 электромотора 540 лс Общая мощность: полный привод - 700 л.с. Разгон до 100: 3.9 сек. Батарея 29.4 kwh Дальность хода по циклу СLTC 180 км | Информация о покупке Основная цена указана в городе Гуанчжоу со всеми экспортными документами. Доставка в Туругарт + затаможка (Граница Китая и Кыргызстана) + 12 000 юаней (минимальный заказ от 1 автомобиля) Доставка в Хоргос + затаможка (граница Китая и Казахстана) + 10 500 юаней (минимальный заказ от 1 автомобиля) Доставка в порт Шанхая (со всеми экспортными документами) + 8 000 юаней (минимальный заказ от 1 автомобиля) Расчет возможен в юанях или долларах по курсу покупки юаня за доллар в Китае. Условия: между клиентом и нашей экспортной компанией контракт купли продажи. С этим контрактом идете в банк и оплачиваете международным переводом. Если автомобиль есть в наличии у дилера, мы работаем по 100% предоплате. Если автомобиля в наличии у дилера нет и нужно ждать пока фабрика его произведет, то сначала мы бронируем автомобиль на фабрике (это от 5000 до 20 000 юаней) и ждем пока фабрика его произведет. Затем контракт и 100% предоплата. Сроки: если автомобиль есть в наличии у дилера, мы берем 30 дней с момента покупки автомобиля до выдачи клиенту в Гуанчжоу. 40-50 дней до выдачи в Хоргосе. 40 дней до выдачи в порту Шанхая. (Эти сроки связаны с тем, что на автомобили нужно делать экспортные документы, перед выдачей клиенту) Сроки: если автомобиля в наличии у дилера нет. То плюс те сроки, которые фабрика возьмет на производство автомобиля. Задержки могут возникать из-за форсмажорных обстоятельств. Эпидемии, тайфуны, землетрясения, война, наводнения. Если такое случится, будем доказывать это из официальных источников. Тест-драйв и обзор на этот автомобиль https://youtu.be/LqNPcDJxQmg","https://project--dbec8924-ca7b-41f6-b87a-9cd9693ce1a1.lovable.app/__l5e/assets-v1/0a17ee6f-d266-4c33-966f-0095d679d40e/catalog-car-009.jpg","","https://youtu.be/LqNPcDJxQmg"
"BYD","BYD Leopard 5 гибрид топ + все допы","Электромобиль или гибрид","От 332 000 ¥","CNY","Характеристики: Размеры 4890х1970х1920 Колесная база 2800 mm Колеса R20 Батарея 37 kwh Бак: 83л Мощность: Полный привод - 670 л.с. Разгон 0-100: 4.8сек Дальность хода по циклу CLTC: 125км Общая дальность хода на гибриде: 1200км","Характеристики: Размеры 4890х1970х1920 Колесная база 2800 mm Колеса R20 Батарея 37 kwh Бак: 83л Мощность: Полный привод - 670 л.с. Разгон 0-100: 4.8сек Дальность хода по циклу CLTC: 125км Общая дальность хода на гибриде: 1200км | Информация о покупке Основная цена указана в городе Гуанчжоу со всеми экспортными документами. Доставка в Туругарт + затаможка (Граница Китая и Кыргызстана) + 12 000 юаней (минимальный заказ от 1 автомобиля) Доставка в Хоргос + затаможка (граница Китая и Казахстана) + 10 500 юаней (минимальный заказ от 1 автомобиля) Доставка в порт Шанхая (со всеми экспортными документами) + 8 000 юаней (минимальный заказ от 1 автомобиля) Расчет возможен в юанях или долларах по курсу покупки юаня за доллар в Китае. Условия: между клиентом и нашей экспортной компанией контракт купли продажи. С этим контрактом идете в банк и оплачиваете международным переводом. Если автомобиль есть в наличии у дилера, мы работаем по 100% предоплате. Если автомобиля в наличии у дилера нет и нужно ждать пока фабрика его произведет, то сначала мы бронируем автомобиль на фабрике (это от 5000 до 20 000 юаней) и ждем пока фабрика его произведет. Затем контракт и 100% предоплата. Сроки: если автомобиль есть в наличии у дилера, мы берем 30 дней с момента покупки автомобиля до выдачи клиенту в Гуанчжоу. 40-50 дней до выдачи в Хоргосе. 40 дней до выдачи в порту Шанхая. (Эти сроки связаны с тем, что на автомобили нужно делать экспортные документы, перед выдачей клиенту) Сроки: если автомобиля в наличии у дилера нет. То плюс те сроки, которые фабрика возьмет на производство автомобиля. Задержки могут возникать из-за форсмажорных обстоятельств. Эпидемии, тайфуны, землетрясения, война, наводнения. Если такое случится, будем доказывать это из официальных источников. Обзор и тест-драйв - https://www.youtube.com/watch?v=CpteuAnnE4M&t=34s","https://project--dbec8924-ca7b-41f6-b87a-9cd9693ce1a1.lovable.app/__l5e/assets-v1/0a5a4ea5-bd83-4faa-9f6d-27525e44a094/catalog-car-010.jpg","",""
"BYD","BYD Qin L dm-i (гибрид) в топе","Электромобиль или гибрид","От 163 000 ¥","CNY","Характеристики: Размеры 4830 x 1900 x 1495 Колёсная база 2790 mm. Колеса 225/50 R18 Батарея 16 kwh Мощность 220 лс Привод передний Разгон 7.5сек / 100 Расход топлива 3л/100 Бак 65л","Характеристики: Размеры 4830 x 1900 x 1495 Колёсная база 2790 mm. Колеса 225/50 R18 Батарея 16 kwh Мощность 220 лс Привод передний Разгон 7.5сек / 100 Расход топлива 3л/100 Бак 65л | Информация о покупке Основная цена указана в городе Гуанчжоу со всеми экспортными документами. Доставка в Туругарт + затаможка (Граница Китая и Кыргызстана) + 12 000 юаней (минимальный заказ от 1 автомобиля) Доставка в Хоргос + затаможка (граница Китая и Казахстана) + 10 500 юаней (минимальный заказ от 1 автомобиля) Доставка в порт Шанхая (со всеми экспортными документами) + 8 000 юаней (минимальный заказ от 1 автомобиля) Расчет возможен в юанях или долларах по курсу покупки юаня за доллар в Китае. Условия: между клиентом и нашей экспортной компанией контракт купли продажи. С этим контрактом идете в банк и оплачиваете международным переводом. Если автомобиль есть в наличии у дилера, мы работаем по 100% предоплате. Если автомобиля в наличии у дилера нет и нужно ждать пока фабрика его произведет, то сначала мы бронируем автомобиль на фабрике (это от 5000 до 20 000 юаней) и ждем пока фабрика его произведет. Затем контракт и 100% предоплата. Сроки: если автомобиль есть в наличии у дилера, мы берем 30 дней с момента покупки автомобиля до выдачи клиенту в Гуанчжоу. 40-50 дней до выдачи в Хоргосе. 40 дней до выдачи в порту Шанхая. (Эти сроки связаны с тем, что на автомобили нужно делать экспортные документы, перед выдачей клиенту) Обзор и тест-драйв https://youtu.be/rqpjC8a0NrU","https://project--dbec8924-ca7b-41f6-b87a-9cd9693ce1a1.lovable.app/__l5e/assets-v1/3724293d-5dfd-48e0-970e-c47edadaa973/catalog-car-011.png","",""
"BYD","BYD Song L (топ)","Электромобиль или гибрид","От 281 000 ¥","CNY","Характеристики: Размеры 4840х1950х1560 Колесная база 2930 mm Колеса R20 Батарея 87 kwh Мощность: Полный привод - 516 л.с. Разгон 0-100: 4.3сек Дальность хода по циклу CLTC: 600","Характеристики: Размеры 4840х1950х1560 Колесная база 2930 mm Колеса R20 Батарея 87 kwh Мощность: Полный привод - 516 л.с. Разгон 0-100: 4.3сек Дальность хода по циклу CLTC: 600 | Информация о покупке Газовая крыша + 6000 юаней Основная цена указана в городе Гуанчжоу со всеми экспортными документами. Доставка в Туругарт + затаможка (Граница Китая и Кыргызстана) + 12 000 юаней (минимальный заказ от 1 автомобиля) Доставка в Хоргос + затаможка (граница Китая и Казахстана) + 10 500 юаней (минимальный заказ от 1 автомобиля) Доставка в порт Шанхая (со всеми экспортными документами) + 8 000 юаней (минимальный заказ от 1 автомобиля) Расчет возможен в юанях или долларах по курсу покупки юаня за доллар в Китае. Условия: между клиентом и нашей экспортной компанией контракт купли продажи. С этим контрактом идете в банк и оплачиваете международным переводом. Если автомобиль есть в наличии у дилера, мы работаем по 100% предоплате. Если автомобиля в наличии у дилера нет и нужно ждать пока фабрика его произведет, то сначала мы бронируем автомобиль на фабрике (это от 5000 до 20 000 юаней) и ждем пока фабрика его произведет. Затем контракт и 100% предоплата. Сроки: если автомобиль есть в наличии у дилера, мы берем 30 дней с момента покупки автомобиля до выдачи клиенту в Гуанчжоу. 40-50 дней до выдачи в Хоргосе. 40 дней до выдачи в порту Шанхая. (Эти сроки связаны с тем, что на автомобили нужно делать экспортные документы, перед выдачей клиенту) Сроки: если автомобиля в наличии у дилера нет. То плюс те сроки, которые фабрика возьмет на производство автомобиля. Задержки могут возникать из-за форсмажорных обстоятельств. Эпидемии, тайфуны, землетрясения, война, наводнения. Если такое случится, будем доказывать это из официальных источников. Обзор и тест-драйв https://www.youtube.com/watch?v=TT3cjBJvOz0","https://project--dbec8924-ca7b-41f6-b87a-9cd9693ce1a1.lovable.app/__l5e/assets-v1/6585bd62-9bbb-4bd0-951a-8dbb83cdf0e4/catalog-car-012.jpg","",""
"BYD","BYD Song L dm-i (гибрид) Топ","Электромобиль или гибрид","От 200 000 ¥","CNY","Характеристики: Размеры 4780 x 1898 x 1670 Колёсная база 2782 mm. Колеса 245/50 R19 Батарея 26 kwh Мощность 220 лс Привод передний Разгон 7.9сек / 100 Расход топлива 4л/100 Бак 60л","Характеристики: Размеры 4780 x 1898 x 1670 Колёсная база 2782 mm. Колеса 245/50 R19 Батарея 26 kwh Мощность 220 лс Привод передний Разгон 7.9сек / 100 Расход топлива 4л/100 Бак 60л | Информация о покупке Основная цена указана в городе Гуанчжоу со всеми экспортными документами. Доставка в Туругарт + затаможка (Граница Китая и Кыргызстана) + 12 000 юаней (минимальный заказ от 1 автомобиля) Доставка в Хоргос + затаможка (граница Китая и Казахстана) + 10 500 юаней (минимальный заказ от 1 автомобиля) Доставка в порт Шанхая (со всеми экспортными документами) + 8 000 юаней (минимальный заказ от 1 автомобиля) Расчет возможен в юанях или долларах по курсу покупки юаня за доллар в Китае. Условия: между клиентом и нашей экспортной компанией контракт купли продажи. С этим контрактом идете в банк и оплачиваете международным переводом. Если автомобиль есть в наличии у дилера, мы работаем по 100% предоплате. Если автомобиля в наличии у дилера нет и нужно ждать пока фабрика его произведет, то сначала мы бронируем автомобиль на фабрике (это от 5000 до 20 000 юаней) и ждем пока фабрика его произведет. Затем контракт и 100% предоплата. Сроки: если автомобиль есть в наличии у дилера, мы берем 30 дней с момента покупки автомобиля до выдачи клиенту в Гуанчжоу. 40-50 дней до выдачи в Хоргосе. 40 дней до выдачи в порту Шанхая. (Эти сроки связаны с тем, что на автомобили нужно делать экспортные документы, перед выдачей клиенту) Обзор и тест-драйв - https://youtu.be/o7l6uH86758","https://project--dbec8924-ca7b-41f6-b87a-9cd9693ce1a1.lovable.app/__l5e/assets-v1/a5269a68-0588-4531-bdab-b513d07ee4fd/catalog-car-013.jpg","",""
"BYD","BYD Tang EV в топе","Электромобиль или гибрид","От 293 000 ¥","CNY","Характеристики: Размеры 4900 x 1950 x 1725mm Колесная база 2820 mm Колеса 265/45 R21 Батарея 108 kwh Мощность: Полный привод - 516 л.с. Разгон до 100: 4.4 сек. Дальность хода по циклу NEDC: 635 км Тормоза: Брембо Музыка: dynaudio","Характеристики: Размеры 4900 x 1950 x 1725mm Колесная база 2820 mm Колеса 265/45 R21 Батарея 108 kwh Мощность: Полный привод - 516 л.с. Разгон до 100: 4.4 сек. Дальность хода по циклу NEDC: 635 км Тормоза: Брембо Музыка: dynaudio | Информация о покупке Основная цена указана в городе Гуанчжоу со всеми экспортными документами. Доставка в Туругарт + затаможка (Граница Китая и Кыргызстана) + 12 000 юаней (минимальный заказ от 1 автомобиля) Доставка в Хоргос + затаможка (граница Китая и Казахстана) + 10 500 юаней (минимальный заказ от 1 автомобиля) Доставка в порт Шанхая (со всеми экспортными документами) + 8 000 юаней (минимальный заказ от 1 автомобиля) Расчет возможен в юанях или долларах по курсу покупки юаня за доллар в Китае. Условия: между клиентом и нашей экспортной компанией контракт купли продажи. С этим контрактом идете в банк и оплачиваете международным переводом. Если автомобиль есть в наличии у дилера, мы работаем по 100% предоплате. Если автомобиля в наличии у дилера нет и нужно ждать пока фабрика его произведет, то сначала мы бронируем автомобиль на фабрике (это от 5000 до 20 000 юаней) и ждем пока фабрика его произведет. Затем контракт и 100% предоплата. Сроки: если автомобиль есть в наличии у дилера, мы берем 30 дней с момента покупки автомобиля до выдачи клиенту в Гуанчжоу. 40-50 дней до выдачи в Хоргосе. 40 дней до выдачи в порту Шанхая. (Эти сроки связаны с тем, что на автомобили нужно делать экспортные документы, перед выдачей клиенту) Сроки: если автомобиля в наличии у дилера нет. То плюс те сроки, которые фабрика возьмет на производство автомобиля. Задержки могут возникать из-за форсмажорных обстоятельств. Эпидемии, тайфуны, землетрясения, война, наводнения. Если такое случится, будем доказывать это из официальных источников. Тест-драйв и обзор на этот автомобиль https://youtu.be/L6X657ew7vs","https://project--dbec8924-ca7b-41f6-b87a-9cd9693ce1a1.lovable.app/__l5e/assets-v1/a1836210-8f59-4c89-9222-46ce4e97a68b/catalog-car-014.jpg","","https://youtu.be/L6X657ew7vs"
"BYD","BYD Tang L EV в топе","Электромобиль или гибрид","От 315 000 ¥","CNY","Характеристики: Размеры 5040x1996x1760 mm Колесная база 2950 mm Батарея 100.4 kwh Дальность хода по циклу СLTC 600 км Мощность: Полный привод - 1100 л.с. Разгон до 100: 3.9 сек.","Характеристики: Размеры 5040x1996x1760 mm Колесная база 2950 mm Батарея 100.4 kwh Дальность хода по циклу СLTC 600 км Мощность: Полный привод - 1100 л.с. Разгон до 100: 3.9 сек. | Информация о покупке Основная цена указана в городе Гуанчжоу со всеми экспортными документами. Доставка в Туругарт + затаможка (Граница Китая и Кыргызстана) + 12 000 юаней (минимальный заказ от 1 автомобиля) Доставка в Хоргос + затаможка (граница Китая и Казахстана) + 10 500 юаней (минимальный заказ от 1 автомобиля) Доставка в порт Шанхая (со всеми экспортными документами) + 8 000 юаней (минимальный заказ от 1 автомобиля) Расчет возможен в юанях или долларах по курсу покупки юаня за доллар в Китае. Условия: между клиентом и нашей экспортной компанией контракт купли продажи. С этим контрактом идете в банк и оплачиваете международным переводом. Если автомобиль есть в наличии у дилера, мы работаем по 100% предоплате. Если автомобиля в наличии у дилера нет и нужно ждать пока фабрика его произведет, то сначала мы бронируем автомобиль на фабрике (это от 5000 до 20 000 юаней) и ждем пока фабрика его произведет. Затем контракт и 100% предоплата. Сроки: если автомобиль есть в наличии у дилера, мы берем 30 дней с момента покупки автомобиля до выдачи клиенту в Гуанчжоу. 40-50 дней до выдачи в Хоргосе. 40 дней до выдачи в порту Шанхая. (Эти сроки связаны с тем, что на автомобили нужно делать экспортные документы, перед выдачей клиенту) Сроки: если автомобиля в наличии у дилера нет. То плюс те сроки, которые фабрика возьмет на производство автомобиля. Задержки могут возникать из-за форсмажорных обстоятельств. Эпидемии, тайфуны, землетрясения, война, наводнения. Если такое случится, будем доказывать это из официальных источников. Обзор на этот автомобиль https://youtu.be/6tiicVaYMz8","https://project--dbec8924-ca7b-41f6-b87a-9cd9693ce1a1.lovable.app/__l5e/assets-v1/961bc130-6e9b-4b56-991e-24451e29f2b2/catalog-car-015.jpg","",""
"BYD","BYD Tang L dm гибрид в топе","Электромобиль или гибрид","От 310 000 ¥","CNY","Характеристики: Размеры 5050x1960x1505 mm Колесная база 2970 mm ДВС 1.5T - 160 лс 2 электромотора 540 лс Общая мощность: полный привод - 700 л.с. Разгон до 100: 4.5 сек. Батарея 35.4 kwh Дальность хода по циклу СLTC 180 км","Характеристики: Размеры 5050x1960x1505 mm Колесная база 2970 mm ДВС 1.5T - 160 лс 2 электромотора 540 лс Общая мощность: полный привод - 700 л.с. Разгон до 100: 4.5 сек. Батарея 35.4 kwh Дальность хода по циклу СLTC 180 км | Информация о покупке Основная цена указана в городе Гуанчжоу со всеми экспортными документами. Доставка в Туругарт + затаможка (Граница Китая и Кыргызстана) + 12 000 юаней (минимальный заказ от 1 автомобиля) Доставка в Хоргос + затаможка (граница Китая и Казахстана) + 10 500 юаней (минимальный заказ от 1 автомобиля) Доставка в порт Шанхая (со всеми экспортными документами) + 8 000 юаней (минимальный заказ от 1 автомобиля) Расчет возможен в юанях или долларах по курсу покупки юаня за доллар в Китае. Условия: между клиентом и нашей экспортной компанией контракт купли продажи. С этим контрактом идете в банк и оплачиваете международным переводом. Если автомобиль есть в наличии у дилера, мы работаем по 100% предоплате. Если автомобиля в наличии у дилера нет и нужно ждать пока фабрика его произведет, то сначала мы бронируем автомобиль на фабрике (это от 5000 до 20 000 юаней) и ждем пока фабрика его произведет. Затем контракт и 100% предоплата. Сроки: если автомобиль есть в наличии у дилера, мы берем 30 дней с момента покупки автомобиля до выдачи клиенту в Гуанчжоу. 40-50 дней до выдачи в Хоргосе. 40 дней до выдачи в порту Шанхая. (Эти сроки связаны с тем, что на автомобили нужно делать экспортные документы, перед выдачей клиенту) Сроки: если автомобиля в наличии у дилера нет. То плюс те сроки, которые фабрика возьмет на производство автомобиля. Задержки могут возникать из-за форсмажорных обстоятельств. Эпидемии, тайфуны, землетрясения, война, наводнения. Если такое случится, будем доказывать это из официальных источников. Тест-драйв и обзор на этот автомобиль https://youtu.be/LqNPcDJxQmg","https://project--dbec8924-ca7b-41f6-b87a-9cd9693ce1a1.lovable.app/__l5e/assets-v1/3d3f63ae-54c4-4975-bcb1-61472d157e66/catalog-car-016.jpg","","https://youtu.be/LqNPcDJxQmg"
"BYD","BYD Yuan plus ev в топе","Электромобиль или гибрид","От 168 000 ¥","CNY","Характеристики: Размеры 4455 x 1875 x 1615mm Колесная база 2720 mm Колеса 215/55 R18 Батарея 60 kwh Мощность: передний привод - 200л.с. Разгон до 100: 7.3 сек. Дальность хода по циклу NEDC: 510 км","Характеристики: Размеры 4455 x 1875 x 1615mm Колесная база 2720 mm Колеса 215/55 R18 Батарея 60 kwh Мощность: передний привод - 200л.с. Разгон до 100: 7.3 сек. Дальность хода по циклу NEDC: 510 км | Информация о покупке Основная цена указана в городе Гуанчжоу со всеми экспортными документами. Доставка в Туругарт + затаможка (Граница Китая и Кыргызстана) + 12 000 юаней (минимальный заказ от 1 автомобиля) Доставка в Хоргос + затаможка (граница Китая и Казахстана) + 10 500 юаней (минимальный заказ от 1 автомобиля) Доставка в порт Шанхая (со всеми экспортными документами) + 8 000 юаней (минимальный заказ от 1 автомобиля) Расчет возможен в юанях или долларах по курсу покупки юаня за доллар в Китае. Условия: между клиентом и нашей экспортной компанией контракт купли продажи. С этим контрактом идете в банк и оплачиваете международным переводом. Если автомобиль есть в наличии у дилера, мы работаем по 100% предоплате. Если автомобиля в наличии у дилера нет и нужно ждать пока фабрика его произведет, то сначала мы бронируем автомобиль на фабрике (это от 5000 до 20 000 юаней) и ждем пока фабрика его произведет. Затем контракт и 100% предоплата. Сроки: если автомобиль есть в наличии у дилера, мы берем 30 дней с момента покупки автомобиля до выдачи клиенту в Гуанчжоу. 40-50 дней до выдачи в Хоргосе. 40 дней до выдачи в порту Шанхая. (Эти сроки связаны с тем, что на автомобили нужно делать экспортные документы, перед выдачей клиенту) Сроки: если автомобиля в наличии у дилера нет. То плюс те сроки, которые фабрика возьмет на производство автомобиля. Задержки могут возникать из-за форсмажорных обстоятельств. Эпидемии, тайфуны, землетрясения, война, наводнения. Если такое случится, будем доказывать это из официальных источников. Обзор и тест драйва на автомобиль https://www.youtube.com/watch?v=k5NWGybShfE","https://project--dbec8924-ca7b-41f6-b87a-9cd9693ce1a1.lovable.app/__l5e/assets-v1/2f4db5d6-7384-4694-b79a-912394b7a50d/catalog-car-017.jpg","",""
"BYD","Byd Seal 2025 в топе","Электромобиль или гибрид","От 271 000 ¥","CNY","Характеристики: Размеры 4800x1870x1460mm Колесная база 2920 mm Колеса 245/45 R19 Батарея 80 kwh Мощность: Полный привод - 530 л.с. Разгон до 100: 3.8 сек. Дальность хода по циклу CLTC: 600км","Характеристики: Размеры 4800x1870x1460mm Колесная база 2920 mm Колеса 245/45 R19 Батарея 80 kwh Мощность: Полный привод - 530 л.с. Разгон до 100: 3.8 сек. Дальность хода по циклу CLTC: 600км | Информация о покупке Основная цена указана в городе Гуанчжоу со всеми экспортными документами. Доставка в Туругарт + затаможка (Граница Китая и Кыргызстана) + 12 000 юаней (минимальный заказ от 1 автомобиля) Доставка в Хоргос + затаможка (граница Китая и Казахстана) + 10 500 юаней (минимальный заказ от 1 автомобиля) Доставка в порт Шанхая (со всеми экспортными документами) + 8 000 юаней (минимальный заказ от 1 автомобиля) Расчет возможен в юанях или долларах по курсу покупки юаня за доллар в Китае. Условия: между клиентом и нашей экспортной компанией контракт купли продажи. С этим контрактом идете в банк и оплачиваете международным переводом. Если автомобиль есть в наличии у дилера, мы работаем по 100% предоплате. Если автомобиля в наличии у дилера нет и нужно ждать пока фабрика его произведет, то сначала мы бронируем автомобиль на фабрике (это от 5000 до 20 000 юаней) и ждем пока фабрика его произведет. Затем контракт и 100% предоплата. Сроки: если автомобиль есть в наличии у дилера, мы берем 30 дней с момента покупки автомобиля до выдачи клиенту в Гуанчжоу. 40-50 дней до выдачи в Хоргосе. 40 дней до выдачи в порту Шанхая. (Эти сроки связаны с тем, что на автомобили нужно делать экспортные документы, перед выдачей клиенту) Сроки: если автомобиля в наличии у дилера нет. То плюс те сроки, которые фабрика возьмет на производство автомобиля. Задержки могут возникать из-за форсмажорных обстоятельств. Эпидемии, тайфуны, землетрясения, война, наводнения. Если такое случится, будем доказывать это из официальных источников. Тест-драйв и обзор на этот автомобиль https://www.youtube.com/watch?v=Ytw6xyPYoTk","https://project--dbec8924-ca7b-41f6-b87a-9cd9693ce1a1.lovable.app/__l5e/assets-v1/e5e38bb5-b71c-4693-a96a-3f61a47ed5b8/catalog-car-018.jpg","","https://www.youtube.com/watch?v=Ytw6xyPYoTk"
"BYD","Byd han dm-i (гибрид - 242 км NEDC)","Электромобиль или гибрид","От 250 000 ¥","CNY","Характеристики: Размеры 4975x1910x1495 mm Колесная база 2920 mm Батарея 37.5 kwh Мощность: 245л.с. Батарея 37.5 kwh Разгон до 100: 7.9 сек","Характеристики: Размеры 4975x1910x1495 mm Колесная база 2920 mm Батарея 37.5 kwh Мощность: 245л.с. Батарея 37.5 kwh Разгон до 100: 7.9 сек | Информация о покупке Основная цена указана в городе Гуанчжоу со всеми экспортными документами. Доставка в Туругарт + затаможка (Граница Китая и Кыргызстана) + 12 000 юаней (минимальный заказ от 1 автомобиля) Доставка в Хоргос + затаможка (граница Китая и Казахстана) + 10 500 юаней (минимальный заказ от 1 автомобиля) Доставка в порт Шанхая (со всеми экспортными документами) + 8 000 юаней (минимальный заказ от 1 автомобиля) Расчет возможен в юанях или долларах по курсу покупки юаня за доллар в Китае. Условия: между клиентом и нашей экспортной компанией контракт купли продажи. С этим контрактом идете в банк и оплачиваете международным переводом. Если автомобиль есть в наличии у дилера, мы работаем по 100% предоплате. Если автомобиля в наличии у дилера нет и нужно ждать пока фабрика его произведет, то сначала мы бронируем автомобиль на фабрике (это от 5000 до 20 000 юаней) и ждем пока фабрика его произведет. Затем контракт и 100% предоплата. Сроки: если автомобиль есть в наличии у дилера, мы берем 30 дней с момента покупки автомобиля до выдачи клиенту в Гуанчжоу. 40-50 дней до выдачи в Хоргосе. 40 дней до выдачи в порту Шанхая. (Эти сроки связаны с тем, что на автомобили нужно делать экспортные документы, перед выдачей клиенту) Сроки: если автомобиля в наличии у дилера нет. То плюс те сроки, которые фабрика возьмет на производство автомобиля. Задержки могут возникать из-за форсмажорных обстоятельств. Эпидемии, тайфуны, землетрясения, война, наводнения. Если такое случится, будем доказывать это из официальных источников.","https://project--dbec8924-ca7b-41f6-b87a-9cd9693ce1a1.lovable.app/__l5e/assets-v1/5aa13df2-5a9a-4524-b70d-7e8206bedb92/catalog-car-019.jpg","",""
"BYD","Byd han dm-p (сильный гибрид - 202км NEDC)","Электромобиль или гибрид","От 284 000 ¥","CNY","Характеристики: Размеры 4975x1910x1495 Колесная база 2920 Колеса 245/45 R19 Батарея 37.5 kwh Дальность хода на чистой электротяге: 200km Мощность: Полный привод - 625л.с. Разгон до 100: полный привод - 3.7сек Расход топлива 5.2л на 100км Бак: 50л","Характеристики: Размеры 4975x1910x1495 Колесная база 2920 Колеса 245/45 R19 Батарея 37.5 kwh Дальность хода на чистой электротяге: 200km Мощность: Полный привод - 625л.с. Разгон до 100: полный привод - 3.7сек Расход топлива 5.2л на 100км Бак: 50л | Информация о покупке Основная цена указана в городе Гуанчжоу со всеми экспортными документами. Доставка в Туругарт + затаможка (Граница Китая и Кыргызстана) + 12 000 юаней (минимальный заказ от 1 автомобиля) Доставка в Хоргос + затаможка (граница Китая и Казахстана) + 10 500 юаней (минимальный заказ от 1 автомобиля) Доставка в порт Шанхая (со всеми экспортными документами) + 8 000 юаней (минимальный заказ от 1 автомобиля) Расчет возможен в юанях или долларах по курсу покупки юаня за доллар в Китае. Условия: между клиентом и нашей экспортной компанией контракт купли продажи. С этим контрактом идете в банк и оплачиваете международным переводом. Если автомобиль есть в наличии у дилера, мы работаем по 100% предоплате. Если автомобиля в наличии у дилера нет и нужно ждать пока фабрика его произведет, то сначала мы бронируем автомобиль на фабрике (это от 5000 до 20 000 юаней) и ждем пока фабрика его произведет. Затем контракт и 100% предоплата. Сроки: если автомобиль есть в наличии у дилера, мы берем 30 дней с момента покупки автомобиля до выдачи клиенту в Гуанчжоу. 40-50 дней до выдачи в Хоргосе. 40 дней до выдачи в порту Шанхая. (Эти сроки связаны с тем, что на автомобили нужно делать экспортные документы, перед выдачей клиенту) Сроки: если автомобиля в наличии у дилера нет. То плюс те сроки, которые фабрика возьмет на производство автомобиля. Задержки могут возникать из-за форсмажорных обстоятельств. Эпидемии, тайфуны, землетрясения, война, наводнения. Если такое случится, будем доказывать это из официальных источников.","https://project--dbec8924-ca7b-41f6-b87a-9cd9693ce1a1.lovable.app/__l5e/assets-v1/65134c0f-8443-4eeb-a45d-21a678f35753/catalog-car-020.jpg","",""
"BYD","Byd han ev (топ)","Электромобиль или гибрид","От 273 000 ¥","CNY","Характеристики: Размеры 4995x1910x1495mm Колесная база 2920 mm Колеса 245/45 R19 Батарея 85.4 kwh Мощность: Полный привод - 516 л.с. Разгон до 100: 3.9 сек. Дальность хода по циклу NEDC: 610 км Тормоза: Брембо Музыка: dynaudio","Характеристики: Размеры 4995x1910x1495mm Колесная база 2920 mm Колеса 245/45 R19 Батарея 85.4 kwh Мощность: Полный привод - 516 л.с. Разгон до 100: 3.9 сек. Дальность хода по циклу NEDC: 610 км Тормоза: Брембо Музыка: dynaudio | Информация о покупке Основная цена указана в городе Гуанчжоу со всеми экспортными документами. Доставка в Туругарт + затаможка (Граница Китая и Кыргызстана) + 12 000 юаней (минимальный заказ от 1 автомобиля) Доставка в Хоргос + затаможка (граница Китая и Казахстана) + 10 500 юаней (минимальный заказ от 1 автомобиля) Доставка в порт Шанхая (со всеми экспортными документами) + 8 000 юаней (минимальный заказ от 1 автомобиля) Расчет возможен в юанях или долларах по курсу покупки юаня за доллар в Китае. Условия: между клиентом и нашей экспортной компанией контракт купли продажи. С этим контрактом идете в банк и оплачиваете международным переводом. Если автомобиль есть в наличии у дилера, мы работаем по 100% предоплате. Если автомобиля в наличии у дилера нет и нужно ждать пока фабрика его произведет, то сначала мы бронируем автомобиль на фабрике (это от 5000 до 20 000 юаней) и ждем пока фабрика его произведет. Затем контракт и 100% предоплата. Сроки: если автомобиль есть в наличии у дилера, мы берем 30 дней с момента покупки автомобиля до выдачи клиенту в Гуанчжоу. 40-50 дней до выдачи в Хоргосе. 40 дней до выдачи в порту Шанхая. (Эти сроки связаны с тем, что на автомобили нужно делать экспортные документы, перед выдачей клиенту) Сроки: если автомобиля в наличии у дилера нет. То плюс те сроки, которые фабрика возьмет на производство автомобиля. Задержки могут возникать из-за форсмажорных обстоятельств. Эпидемии, тайфуны, землетрясения, война, наводнения. Если такое случится, будем доказывать это из официальных источников. https://youtu.be/LqNPcDJxQmg","https://project--dbec8924-ca7b-41f6-b87a-9cd9693ce1a1.lovable.app/__l5e/assets-v1/05a2bd4d-c0e3-43af-b9a5-864f1a74b14a/catalog-car-021.png","",""
"BYD","Byd tang dm-i","Электромобиль или гибрид","От 244 000 ¥","CNY","Характеристики: Размеры 4900 x 1950 x 1725mm Колесная база 2820 mm Колеса 255/50 R20 Бак: 53л Батарея 40 kwh Мощность: Полный привод - 260 л.с. Разгон до 100: 8 сек. Дальность хода по циклу NEDC: 252km (nedc) Музыка: dynaudio","Характеристики: Размеры 4900 x 1950 x 1725mm Колесная база 2820 mm Колеса 255/50 R20 Бак: 53л Батарея 40 kwh Мощность: Полный привод - 260 л.с. Разгон до 100: 8 сек. Дальность хода по циклу NEDC: 252km (nedc) Музыка: dynaudio | Информация о покупке Основная цена указана в городе Гуанчжоу со всеми экспортными документами. Доставка в Туругарт + затаможка (Граница Китая и Кыргызстана) + 12 000 юаней (минимальный заказ от 1 автомобиля) Доставка в Хоргос + затаможка (граница Китая и Казахстана) + 10 500 юаней (минимальный заказ от 1 автомобиля) Доставка в порт Шанхая (со всеми экспортными документами) + 8 000 юаней (минимальный заказ от 1 автомобиля) Расчет возможен в юанях или долларах по курсу покупки юаня за доллар в Китае. Условия: между клиентом и нашей экспортной компанией контракт купли продажи. С этим контрактом идете в банк и оплачиваете международным переводом. Если автомобиль есть в наличии у дилера, мы работаем по 100% предоплате. Если автомобиля в наличии у дилера нет и нужно ждать пока фабрика его произведет, то сначала мы бронируем автомобиль на фабрике (это от 5000 до 20 000 юаней) и ждем пока фабрика его произведет. Затем контракт и 100% предоплата. Сроки: если автомобиль есть в наличии у дилера, мы берем 30 дней с момента покупки автомобиля до выдачи клиенту в Гуанчжоу. 40-50 дней до выдачи в Хоргосе. 40 дней до выдачи в порту Шанхая. (Эти сроки связаны с тем, что на автомобили нужно делать экспортные документы, перед выдачей клиенту) Сроки: если автомобиля в наличии у дилера нет. То плюс те сроки, которые фабрика возьмет на производство автомобиля. Задержки могут возникать из-за форсмажорных обстоятельств. Эпидемии, тайфуны, землетрясения, война, наводнения. Если такое случится, будем доказывать это из официальных источников. Тест-драйв и обзор на этот автомобиль https://youtu.be/L6X657ew7vs","https://project--dbec8924-ca7b-41f6-b87a-9cd9693ce1a1.lovable.app/__l5e/assets-v1/9a42c655-79a9-4329-b4a0-bcee9c3c6581/catalog-car-022.jpg","","https://youtu.be/L6X657ew7vs"
"Cadillac","Cadillac Lyriq (Топ)","Электромобиль или гибрид","От 506 000 ¥","CNY","Характеристики: Размеры 4996 x1976 x1623 Колесная база 3100 Колеса 265/50 R20 Мощность 2х электромоторов. Полный привод - 510 л.с. Разгон до 100: полный привод - 4.9сек Батарея 95 kwh Дальность хода цикл (NEDC): 550km","Характеристики: Размеры 4996 x1976 x1623 Колесная база 3100 Колеса 265/50 R20 Мощность 2х электромоторов. Полный привод - 510 л.с. Разгон до 100: полный привод - 4.9сек Батарея 95 kwh Дальность хода цикл (NEDC): 550km | Информация о покупке Основная цена указана в городе Гуанчжоу со всеми экспортными документами. Доставка в Туругарт + затаможка (Граница Китая и Кыргызстана) + 12 000 юаней (минимальный заказ от 1 автомобиля) Доставка в Хоргос + затаможка (граница Китая и Казахстана) + 10 500 юаней (минимальный заказ от 1 автомобиля) Доставка в порт Шанхая (со всеми экспортными документами) + 8 000 юаней (минимальный заказ от 1 автомобиля) Расчет возможен в юанях или долларах по курсу покупки юаня за доллар в Китае. Условия: между клиентом и нашей экспортной компанией контракт купли продажи. С этим контрактом идете в банк и оплачиваете международным переводом. Если автомобиль есть в наличии у дилера, мы работаем по 100% предоплате. Если автомобиля в наличии у дилера нет и нужно ждать пока фабрика его произведет, то сначала мы бронируем автомобиль на фабрике (это от 5000 до 20 000 юаней) и ждем пока фабрика его произведет. Затем контракт и 100% предоплата. Сроки: если автомобиль есть в наличии у дилера, мы берем 30 дней с момента покупки автомобиля до выдачи клиенту в Гуанчжоу. 40-50 дней до выдачи в Хоргосе. 40 дней до выдачи в порту Шанхая. (Эти сроки связаны с тем, что на автомобили нужно делать экспортные документы, перед выдачей клиенту) Сроки: если автомобиля в наличии у дилера нет. То плюс те сроки, которые фабрика возьмет на производство автомобиля. Задержки могут возникать из-за форсмажорных обстоятельств. Эпидемии, тайфуны, землетрясения, война, наводнения. Если такое случится, будем доказывать это из официальных источников. Тест-драйв и обзор на этот автомобиль https://www.youtube.com/watch?v=hpFGZLHHHWI&t=13s","https://project--dbec8924-ca7b-41f6-b87a-9cd9693ce1a1.lovable.app/__l5e/assets-v1/6728d660-1c0b-4c89-99e1-81a87d5d00e4/catalog-car-023.png","","https://www.youtube.com/watch?v=hpFGZLHHHWI&t=13s"
"Changan","Changan Uni-k idd (гибрид) ТОП","Электромобиль или гибрид","От 234 000 ¥","CNY","Характеристики: Размеры 4865x1948x1700 Колесная база 2890 Колеса 245/45 R19 Мощность: передний привод - 315 л.с. Разгон до 100: полный привод - 8 сек Расход топлива 8л на 100км Батарея 30 kwh Дальность хода на чистой электротяге: 130км","Характеристики: Размеры 4865x1948x1700 Колесная база 2890 Колеса 245/45 R19 Мощность: передний привод - 315 л.с. Разгон до 100: полный привод - 8 сек Расход топлива 8л на 100км Батарея 30 kwh Дальность хода на чистой электротяге: 130км | Информация о покупке Основная цена указана в городе Гуанчжоу со всеми экспортными документами. Доставка в Туругарт + затаможка (Граница Китая и Кыргызстана) + 12 000 юаней (минимальный заказ от 1 автомобиля) Доставка в Хоргос + затаможка (граница Китая и Казахстана) + 10 500 юаней (минимальный заказ от 1 автомобиля) Доставка в порт Шанхая (со всеми экспортными документами) + 8 000 юаней (минимальный заказ от 1 автомобиля) Расчет возможен в юанях или долларах по курсу покупки юаня за доллар в Китае. Условия: между клиентом и нашей экспортной компанией контракт купли продажи. С этим контрактом идете в банк и оплачиваете международным переводом. Если автомобиль есть в наличии у дилера, мы работаем по 100% предоплате. Если автомобиля в наличии у дилера нет и нужно ждать пока фабрика его произведет, то сначала мы бронируем автомобиль на фабрике (это от 5000 до 20 000 юаней) и ждем пока фабрика его произведет. Затем контракт и 100% предоплата. Сроки: если автомобиль есть в наличии у дилера, мы берем 30 дней с момента покупки автомобиля до выдачи клиенту в Гуанчжоу. 40-50 дней до выдачи в Хоргосе. 40 дней до выдачи в порту Шанхая. (Эти сроки связаны с тем, что на автомобили нужно делать экспортные документы, перед выдачей клиенту) Сроки: если автомобиля в наличии у дилера нет. То плюс те сроки, которые фабрика возьмет на производство автомобиля. Задержки могут возникать из-за форсмажорных обстоятельств. Эпидемии, тайфуны, землетрясения, война, наводнения. Если такое случится, будем доказывать это из официальных источников. Тест-драйв и обзор на этот автомобиль https://youtu.be/u164gdNFO4E","https://project--dbec8924-ca7b-41f6-b87a-9cd9693ce1a1.lovable.app/__l5e/assets-v1/292f43a5-e693-4120-b551-d421a8637f5e/catalog-car-024.jpg","","https://youtu.be/u164gdNFO4E"
"Changan","Changan Uni-v IDD гибрид","Электромобиль или гибрид","От 186 000 ¥","CNY","Характеристики: Характеристики: Размеры 4680 x 1838 x 1435 Колесная база 2750 mm Колеса R18 Мощность: 170 л.с. Разгон до 100: 6.5 сек. Дальность хода по циклу NEDC: 113 км на чистой электротяге Батарея: 18 kwh Бак: 45L","Характеристики: Характеристики: Размеры 4680 x 1838 x 1435 Колесная база 2750 mm Колеса R18 Мощность: 170 л.с. Разгон до 100: 6.5 сек. Дальность хода по циклу NEDC: 113 км на чистой электротяге Батарея: 18 kwh Бак: 45L | Информация о покупке Основная цена указана в городе Гуанчжоу со всеми экспортными документами. Доставка в Туругарт + затаможка (Граница Китая и Кыргызстана) + 12 000 юаней (минимальный заказ от 1 автомобиля) Доставка в Хоргос + затаможка (граница Китая и Казахстана) + 10 500 юаней (минимальный заказ от 1 автомобиля) Доставка в порт Шанхая (со всеми экспортными документами) + 8 000 юаней (минимальный заказ от 1 автомобиля) Расчет возможен в юанях или долларах по курсу покупки юаня за доллар в Китае. Условия: между клиентом и нашей экспортной компанией контракт купли продажи. С этим контрактом идете в банк и оплачиваете международным переводом. Если автомобиль есть в наличии у дилера, мы работаем по 100% предоплате. Если автомобиля в наличии у дилера нет и нужно ждать пока фабрика его произведет, то сначала мы бронируем автомобиль на фабрике (это от 5000 до 20 000 юаней) и ждем пока фабрика его произведет. Затем контракт и 100% предоплата. Сроки: если автомобиль есть в наличии у дилера, мы берем 30 дней с момента покупки автомобиля до выдачи клиенту в Гуанчжоу. 40-50 дней до выдачи в Хоргосе. 40 дней до выдачи в порту Шанхая. (Эти сроки связаны с тем, что на автомобили нужно делать экспортные документы, перед выдачей клиенту) Сроки: если автомобиля в наличии у дилера нет. То плюс те сроки, которые фабрика возьмет на производство автомобиля. Задержки могут возникать из-за форсмажорных обстоятельств. Эпидемии, тайфуны, землетрясения, война, наводнения. Если такое случится, будем доказывать это из официальных источников.","https://project--dbec8924-ca7b-41f6-b87a-9cd9693ce1a1.lovable.app/__l5e/assets-v1/7fcb25c8-5a3b-4552-b4e6-0ce3d8ff08f1/catalog-car-025.png","",""
"Deepal","Deepal Shenlan S7 гибрид","Электромобиль или гибрид","От 196 000 ¥","CNY","Характеристики: Размеры 4750 x 1930 x 1625 Колесная база 2900 mm Колеса R19 Мощность: задний привод - 240 л.с. Разгон до 100: 7.7 сек. Дальность хода по циклу CLTC: 200 км на чистой электротяге Батарея: 37 kwh Бак: 45L","Характеристики: Размеры 4750 x 1930 x 1625 Колесная база 2900 mm Колеса R19 Мощность: задний привод - 240 л.с. Разгон до 100: 7.7 сек. Дальность хода по циклу CLTC: 200 км на чистой электротяге Батарея: 37 kwh Бак: 45L | Информация о покупке Основная цена указана в городе Гуанчжоу со всеми экспортными документами. Доставка в Туругарт + затаможка (Граница Китая и Кыргызстана) + 12 000 юаней (минимальный заказ от 1 автомобиля) Доставка в Хоргос + затаможка (граница Китая и Казахстана) + 10 500 юаней (минимальный заказ от 1 автомобиля) Доставка в порт Шанхая (со всеми экспортными документами) + 8 000 юаней (минимальный заказ от 1 автомобиля) Расчет возможен в юанях или долларах по курсу покупки юаня за доллар в Китае. Условия: между клиентом и нашей экспортной компанией контракт купли продажи. С этим контрактом идете в банк и оплачиваете международным переводом. Если автомобиль есть в наличии у дилера, мы работаем по 100% предоплате. Если автомобиля в наличии у дилера нет и нужно ждать пока фабрика его произведет, то сначала мы бронируем автомобиль на фабрике (это от 5000 до 20 000 юаней) и ждем пока фабрика его произведет. Затем контракт и 100% предоплата. Сроки: если автомобиль есть в наличии у дилера, мы берем 30 дней с момента покупки автомобиля до выдачи клиенту в Гуанчжоу. 40-50 дней до выдачи в Хоргосе. 40 дней до выдачи в порту Шанхая. (Эти сроки связаны с тем, что на автомобили нужно делать экспортные документы, перед выдачей клиенту) Сроки: если автомобиля в наличии у дилера нет. То плюс те сроки, которые фабрика возьмет на производство автомобиля. Задержки могут возникать из-за форсмажорных обстоятельств. Эпидемии, тайфуны, землетрясения, война, наводнения. Если такое случится, будем доказывать это из официальных источников. Тест-драйв и обзор на этот автомобиль https://www.youtube.com/watch?v=mFcg4JgV4dU","https://project--dbec8924-ca7b-41f6-b87a-9cd9693ce1a1.lovable.app/__l5e/assets-v1/6b8a05bf-90c3-4fe6-b5d0-54d6034d16d5/catalog-car-026.jpg","","https://www.youtube.com/watch?v=mFcg4JgV4dU"
"Deepal","Deepal Shenlan S7 электро","Электромобиль или гибрид","От 228 000 ¥","CNY","Характеристики: Размеры 4750 x 1930 x 1625 Колесная база 2900 mm Колеса R19 Мощность: задний привод 217 л.с. Разгон до 100: 7.5 сек. Дальность хода по циклу CLTC: 620 км на чистой электротяге Батарея 78 kwh","Характеристики: Размеры 4750 x 1930 x 1625 Колесная база 2900 mm Колеса R19 Мощность: задний привод 217 л.с. Разгон до 100: 7.5 сек. Дальность хода по циклу CLTC: 620 км на чистой электротяге Батарея 78 kwh | Информация о покупке Основная цена указана в городе Гуанчжоу со всеми экспортными документами. Доставка в Туругарт + затаможка (Граница Китая и Кыргызстана) + 12 000 юаней (минимальный заказ от 1 автомобиля) Доставка в Хоргос + затаможка (граница Китая и Казахстана) + 10 500 юаней (минимальный заказ от 1 автомобиля) Доставка в порт Шанхая (со всеми экспортными документами) + 8 000 юаней (минимальный заказ от 1 автомобиля) Расчет возможен в юанях или долларах по курсу покупки юаня за доллар в Китае. Условия: между клиентом и нашей экспортной компанией контракт купли продажи. С этим контрактом идете в банк и оплачиваете международным переводом. Если автомобиль есть в наличии у дилера, мы работаем по 100% предоплате. Если автомобиля в наличии у дилера нет и нужно ждать пока фабрика его произведет, то сначала мы бронируем автомобиль на фабрике (это от 5000 до 20 000 юаней) и ждем пока фабрика его произведет. Затем контракт и 100% предоплата. Сроки: если автомобиль есть в наличии у дилера, мы берем 30 дней с момента покупки автомобиля до выдачи клиенту в Гуанчжоу. 40-50 дней до выдачи в Хоргосе. 40 дней до выдачи в порту Шанхая. (Эти сроки связаны с тем, что на автомобили нужно делать экспортные документы, перед выдачей клиенту) Сроки: если автомобиля в наличии у дилера нет. То плюс те сроки, которые фабрика возьмет на производство автомобиля. Задержки могут возникать из-за форсмажорных обстоятельств. Эпидемии, тайфуны, землетрясения, война, наводнения. Если такое случится, будем доказывать это из официальных источников. Тест-драйв и обзор на этот автомобиль https://www.youtube.com/watch?v=mFcg4JgV4dU","https://project--dbec8924-ca7b-41f6-b87a-9cd9693ce1a1.lovable.app/__l5e/assets-v1/b95ebfe6-9dba-4f68-98c4-87531b191492/catalog-car-027.jpg","","https://www.youtube.com/watch?v=mFcg4JgV4dU"
"Denza","Denza D9 EV топ + все допы","Электромобиль или гибрид","От 525 000 ¥","CNY","Характеристики: Размеры 5250*1960*1920 Колесная база 3110 mm Батарея 103 kwh Мощность: Полный привод 390лс Разгон до 100: 6.9 сек.","Характеристики: Размеры 5250*1960*1920 Колесная база 3110 mm Батарея 103 kwh Мощность: Полный привод 390лс Разгон до 100: 6.9 сек. | Информация о покупке Основная цена указана в городе Гуанчжоу со всеми экспортными документами. Доставка в Туругарт + затаможка (Граница Китая и Кыргызстана) + 12 000 юаней (минимальный заказ от 1 автомобиля) Доставка в Хоргос + затаможка (граница Китая и Казахстана) + 10 500 юаней (минимальный заказ от 1 автомобиля) Доставка в порт Шанхая (со всеми экспортными документами) + 8 000 юаней (минимальный заказ от 1 автомобиля) Расчет возможен в юанях или долларах по курсу покупки юаня за доллар в Китае. Условия: между клиентом и нашей экспортной компанией контракт купли продажи. С этим контрактом идете в банк и оплачиваете международным переводом. Если автомобиль есть в наличии у дилера, мы работаем по 100% предоплате. Если автомобиля в наличии у дилера нет и нужно ждать пока фабрика его произведет, то сначала мы бронируем автомобиль на фабрике (это от 5000 до 20 000 юаней) и ждем пока фабрика его произведет. Затем контракт и 100% предоплата. Сроки: если автомобиль есть в наличии у дилера, мы берем 30 дней с момента покупки автомобиля до выдачи клиенту в Гуанчжоу. 40-50 дней до выдачи в Хоргосе. 40 дней до выдачи в порту Шанхая. (Эти сроки связаны с тем, что на автомобили нужно делать экспортные документы, перед выдачей клиенту) Сроки: если автомобиля в наличии у дилера нет. То плюс те сроки, которые фабрика возьмет на производство автомобиля. Задержки могут возникать из-за форсмажорных обстоятельств. Эпидемии, тайфуны, землетрясения, война, наводнения. Если такое случится, будем доказывать это из официальных источников. Обзор и тест-драйв на автомобиль Denza D9 - https://www.youtube.com/watch?v=hMppcdJPlC4&t=630s","https://project--dbec8924-ca7b-41f6-b87a-9cd9693ce1a1.lovable.app/__l5e/assets-v1/903bef23-bcf2-471c-8b4f-d0d76280e961/catalog-car-028.jpg","",""
"Denza","Denza D9 hybrid топ + все допы","Электромобиль или гибрид","От 501 000 ¥","CNY","Характеристики: Размеры 5250*1960*1920 Колесная база 3110 mm Батарея 45.5 kwh Мощность: Полный привод 406лс Разгон до 100: 7.9 сек. Бак: 53л","Характеристики: Размеры 5250*1960*1920 Колесная база 3110 mm Батарея 45.5 kwh Мощность: Полный привод 406лс Разгон до 100: 7.9 сек. Бак: 53л | Информация о покупке Основная цена указана в городе Гуанчжоу со всеми экспортными документами. Доставка в Туругарт + затаможка (Граница Китая и Кыргызстана) + 12 000 юаней (минимальный заказ от 1 автомобиля) Доставка в Хоргос + затаможка (граница Китая и Казахстана) + 10 500 юаней (минимальный заказ от 1 автомобиля) Доставка в порт Шанхая (со всеми экспортными документами) + 8 000 юаней (минимальный заказ от 1 автомобиля) Расчет возможен в юанях или долларах по курсу покупки юаня за доллар в Китае. Условия: между клиентом и нашей экспортной компанией контракт купли продажи. С этим контрактом идете в банк и оплачиваете международным переводом. Если автомобиль есть в наличии у дилера, мы работаем по 100% предоплате. Если автомобиля в наличии у дилера нет и нужно ждать пока фабрика его произведет, то сначала мы бронируем автомобиль на фабрике (это от 5000 до 20 000 юаней) и ждем пока фабрика его произведет. Затем контракт и 100% предоплата. Сроки: если автомобиль есть в наличии у дилера, мы берем 30 дней с момента покупки автомобиля до выдачи клиенту в Гуанчжоу. 40-50 дней до выдачи в Хоргосе. 40 дней до выдачи в порту Шанхая. (Эти сроки связаны с тем, что на автомобили нужно делать экспортные документы, перед выдачей клиенту) Сроки: если автомобиля в наличии у дилера нет. То плюс те сроки, которые фабрика возьмет на производство автомобиля. Задержки могут возникать из-за форсмажорных обстоятельств. Эпидемии, тайфуны, землетрясения, война, наводнения. Если такое случится, будем доказывать это из официальных источников. Обзор и тест-драйв на автомобиль Denza D9 - https://www.youtube.com/watch?v=hMppcdJPlC4&t=630s","https://project--dbec8924-ca7b-41f6-b87a-9cd9693ce1a1.lovable.app/__l5e/assets-v1/f3482896-192f-4c13-abf5-f9d136dc050e/catalog-car-029.jpg","",""
"Denza","Denza N7 n-sport (топ) без допов","Электромобиль или гибрид","От 431 000 ¥","CNY","Характеристики: Размеры 4860*1935*1602 Колесная база 2940 mm Колеса 245/45 R20 Батарея 91 kwh Мощность: Полный привод - 530 л.с. Разгон до 100: 3.9 сек. Максимальная скорость (км / ч): 230 Дальность хода по циклу NEDC: 630 км","Характеристики: Размеры 4860*1935*1602 Колесная база 2940 mm Колеса 245/45 R20 Батарея 91 kwh Мощность: Полный привод - 530 л.с. Разгон до 100: 3.9 сек. Максимальная скорость (км / ч): 230 Дальность хода по циклу NEDC: 630 км | Информация о покупке Основная цена указана в городе Гуанчжоу со всеми экспортными документами. Доставка в Туругарт + затаможка (Граница Китая и Кыргызстана) + 12 000 юаней (минимальный заказ от 1 автомобиля) Доставка в Хоргос + затаможка (граница Китая и Казахстана) + 10 500 юаней (минимальный заказ от 1 автомобиля) Доставка в порт Шанхая (со всеми экспортными документами) + 8 000 юаней (минимальный заказ от 1 автомобиля) Расчет возможен в юанях или долларах по курсу покупки юаня за доллар в Китае. Условия: между клиентом и нашей экспортной компанией контракт купли продажи. С этим контрактом идете в банк и оплачиваете международным переводом. Если автомобиль есть в наличии у дилера, мы работаем по 100% предоплате. Если автомобиля в наличии у дилера нет и нужно ждать пока фабрика его произведет, то сначала мы бронируем автомобиль на фабрике (это от 5000 до 20 000 юаней) и ждем пока фабрика его произведет. Затем контракт и 100% предоплата. Сроки: если автомобиль есть в наличии у дилера, мы берем 30 дней с момента покупки автомобиля до выдачи клиенту в Гуанчжоу. 40-50 дней до выдачи в Хоргосе. 40 дней до выдачи в порту Шанхая. (Эти сроки связаны с тем, что на автомобили нужно делать экспортные документы, перед выдачей клиенту) Сроки: если автомобиля в наличии у дилера нет. То плюс те сроки, которые фабрика возьмет на производство автомобиля. Задержки могут возникать из-за форсмажорных обстоятельств. Эпидемии, тайфуны, землетрясения, война, наводнения. Если такое случится, будем доказывать это из официальных источников. Обзор и тест драйв на автомобиль https://www.youtube.com/watch?v=_BoyQAlpv7U","https://project--dbec8924-ca7b-41f6-b87a-9cd9693ce1a1.lovable.app/__l5e/assets-v1/bbf23a98-42a3-49a0-b409-d6eeae3187cf/catalog-car-030.jpg","",""
"Denza","Denza N9 гибриде в топе","Электромобиль или гибрид","От 499 000 ¥","CNY","Характеристики: Размеры 5258 x 2030 x 1830 Колесная база 3125 mm Колеса R22 ДВС 2.0T - 207 лс 3 электромотора 893 лс Общая мощность - 1100 л.с. Разгон до 100: 3.9 сек. Батарея 48 kwh Категории: Авто","Характеристики: Размеры 5258 x 2030 x 1830 Колесная база 3125 mm Колеса R22 ДВС 2.0T - 207 лс 3 электромотора 893 лс Общая мощность - 1100 л.с. Разгон до 100: 3.9 сек. Батарея 48 kwh Категории: Авто | Информация о покупке Основная цена указана в городе Гуанчжоу со всеми экспортными документами. Доставка в Туругарт + затаможка (Граница Китая и Кыргызстана) + 12 000 юаней (минимальный заказ от 1 автомобиля) Доставка в Хоргос + затаможка (граница Китая и Казахстана) + 10 500 юаней (минимальный заказ от 1 автомобиля) Доставка в порт Шанхая (со всеми экспортными документами) + 8 000 юаней (минимальный заказ от 1 автомобиля) Расчет возможен в юанях или долларах по курсу покупки юаня за доллар в Китае. Условия: между клиентом и нашей экспортной компанией контракт купли продажи. С этим контрактом идете в банк и оплачиваете международным переводом. Если автомобиль есть в наличии у дилера, мы работаем по 100% предоплате. Если автомобиля в наличии у дилера нет и нужно ждать пока фабрика его произведет, то сначала мы бронируем автомобиль на фабрике (это от 5000 до 20 000 юаней) и ждем пока фабрика его произведет. Затем контракт и 100% предоплата. Сроки: если автомобиль есть в наличии у дилера, мы берем 30 дней с момента покупки автомобиля до выдачи клиенту в Гуанчжоу. 40-50 дней до выдачи в Хоргосе. 40 дней до выдачи в порту Шанхая. (Эти сроки связаны с тем, что на автомобили нужно делать экспортные документы, перед выдачей клиенту) Сроки: если автомобиля в наличии у дилера нет. То плюс те сроки, которые фабрика возьмет на производство автомобиля. Задержки могут возникать из-за форсмажорных обстоятельств. Эпидемии, тайфуны, землетрясения, война, наводнения. Если такое случится, будем доказывать это из официальных источников. Тест-драйв и обзор на этот автомобиль https://youtu.be/JfZTiRP4ePE","https://project--dbec8924-ca7b-41f6-b87a-9cd9693ce1a1.lovable.app/__l5e/assets-v1/b1b25dbe-120e-44be-945e-e24f4229b5d9/catalog-car-031.png","","https://youtu.be/JfZTiRP4ePE"
"Denza","Denza Z9GT MAX и Z9 MAX электро + допы","Электромобиль или гибрид","От 444 000 ¥","CNY","Характеристики: Размеры 5180 x 1990 x 1500/1480 Колёсная база 3125 mm. Колеса 275/40 R21 Электро ( Батарея 100 kwh + 3 электромотора 960 лс) Разгон 3.2сек / 100","Характеристики: Размеры 5180 x 1990 x 1500/1480 Колёсная база 3125 mm. Колеса 275/40 R21 Электро ( Батарея 100 kwh + 3 электромотора 960 лс) Разгон 3.2сек / 100 | Информация о покупке Основная цена указана в городе Гуанчжоу со всеми экспортными документами. Доставка в Туругарт + затаможка (Граница Китая и Кыргызстана) + 12 000 юаней (минимальный заказ от 1 автомобиля) Доставка в Хоргос + затаможка (граница Китая и Казахстана) + 10 500 юаней (минимальный заказ от 1 автомобиля) Доставка в порт Шанхая (со всеми экспортными документами) + 8 000 юаней (минимальный заказ от 1 автомобиля) Расчет возможен в юанях или долларах по курсу покупки юаня за доллар в Китае. Условия: между клиентом и нашей экспортной компанией контракт купли продажи. С этим контрактом идете в банк и оплачиваете международным переводом. Если автомобиль есть в наличии у дилера, мы работаем по 100% предоплате. Если автомобиля в наличии у дилера нет и нужно ждать пока фабрика его произведет, то сначала мы бронируем автомобиль на фабрике (это от 5000 до 20 000 юаней) и ждем пока фабрика его произведет. Затем контракт и 100% предоплата. Сроки: если автомобиль есть в наличии у дилера, мы берем 30 дней с момента покупки автомобиля до выдачи клиенту в Гуанчжоу. 40-50 дней до выдачи в Хоргосе. 40 дней до выдачи в порту Шанхая. (Эти сроки связаны с тем, что на автомобили нужно делать экспортные документы, перед выдачей клиенту) Обзор и тест-драйв - https://youtu.be/VZsQlJwZgLE","https://project--dbec8924-ca7b-41f6-b87a-9cd9693ce1a1.lovable.app/__l5e/assets-v1/dda155dd-31cf-4f7a-b8d1-27cbcc0da1e4/catalog-car-032.jpg","",""
"Denza","Denza Z9GT и Z9 (ГИБРИД) в топе + допы","Электромобиль или гибрид","От 470 000 ¥","CNY","Характеристики: Размеры 5180 x 1990 x 1500/1480 Колёсная база 3125 mm. Колеса 275/40 R21 Гибрид (Батарея 38 kwh + Генератор 2Т (200 лс) + 3 электромотора 870 лс) Разгон 3.2сек / 100","Характеристики: Размеры 5180 x 1990 x 1500/1480 Колёсная база 3125 mm. Колеса 275/40 R21 Гибрид (Батарея 38 kwh + Генератор 2Т (200 лс) + 3 электромотора 870 лс) Разгон 3.2сек / 100 | Информация о покупке Основая цена указана за Z9GT Цена седана Z9 топ + все допы - 415 000 юаней Основная цена указана в городе Гуанчжоу со всеми экспортными документами. Доставка в Туругарт + затаможка (Граница Китая и Кыргызстана) + 12 000 юаней (минимальный заказ от 1 автомобиля) Доставка в Хоргос + затаможка (граница Китая и Казахстана) + 10 500 юаней (минимальный заказ от 1 автомобиля) Доставка в порт Шанхая (со всеми экспортными документами) + 8 000 юаней (минимальный заказ от 1 автомобиля) Расчет возможен в юанях или долларах по курсу покупки юаня за доллар в Китае. Условия: между клиентом и нашей экспортной компанией контракт купли продажи. С этим контрактом идете в банк и оплачиваете международным переводом. Если автомобиль есть в наличии у дилера, мы работаем по 100% предоплате. Если автомобиля в наличии у дилера нет и нужно ждать пока фабрика его произведет, то сначала мы бронируем автомобиль на фабрике (это от 5000 до 20 000 юаней) и ждем пока фабрика его произведет. Затем контракт и 100% предоплата. Сроки: если автомобиль есть в наличии у дилера, мы берем 30 дней с момента покупки автомобиля до выдачи клиенту в Гуанчжоу. 40-50 дней до выдачи в Хоргосе. 40 дней до выдачи в порту Шанхая. (Эти сроки связаны с тем, что на автомобили нужно делать экспортные документы, перед выдачей клиенту) Обзор и тест-драйв - https://youtu.be/VZsQlJwZgLE","https://project--dbec8924-ca7b-41f6-b87a-9cd9693ce1a1.lovable.app/__l5e/assets-v1/929f02ec-086a-4a68-b025-0fa1fb169b57/catalog-car-033.jpg","",""
"F7","F7 топ","Электромобиль или гибрид","От 320 000 ¥","CNY","Характеристики: Размеры 5000 x 1958 x 1495mm Колёсная база 3100 мм Колеса 245/45 R20 Батарея 90 kwh Мощность: Полный привод - 544 л.с. Разгон до 100: 3.7 сек. Дальность хода по циклу NEDC: 600 км","Характеристики: Размеры 5000 x 1958 x 1495mm Колёсная база 3100 мм Колеса 245/45 R20 Батарея 90 kwh Мощность: Полный привод - 544 л.с. Разгон до 100: 3.7 сек. Дальность хода по циклу NEDC: 600 км | Информация о покупке Основная цена указана в городе Гуанчжоу со всеми экспортными документами. Доставка в Туругарт + затаможка (Граница Китая и Кыргызстана) + 12 000 юаней (минимальный заказ от 1 автомобиля) Доставка в Хоргос + затаможка (граница Китая и Казахстана) + 10 500 юаней (минимальный заказ от 1 автомобиля) Доставка в порт Шанхая (со всеми экспортными документами) + 8 000 юаней (минимальный заказ от 1 автомобиля) Расчет возможен в юанях или долларах по курсу покупки юаня за доллар в Китае. Условия: между клиентом и нашей экспортной компанией контракт купли продажи. С этим контрактом идете в банк и оплачиваете международным переводом. Если автомобиль есть в наличии у дилера, мы работаем по 100% предоплате. Если автомобиля в наличии у дилера нет и нужно ждать пока фабрика его произведет, то сначала мы бронируем автомобиль на фабрике (это от 5000 до 20 000 юаней) и ждем пока фабрика его произведет. Затем контракт и 100% предоплата. Сроки: если автомобиль есть в наличии у дилера, мы берем 30 дней с момента покупки автомобиля до выдачи клиенту в Гуанчжоу. 40-50 дней до выдачи в Хоргосе. 40 дней до выдачи в порту Шанхая. (Эти сроки связаны с тем, что на автомобили нужно делать экспортные документы, перед выдачей клиенту) Сроки: если автомобиля в наличии у дилера нет. То плюс те сроки, которые фабрика возьмет на производство автомобиля. Задержки могут возникать из-за форсмажорных обстоятельств. Эпидемии, тайфуны, землетрясения, война, наводнения. Если такое случится, будем доказывать это из официальных источников. Тест-драйв и обзор на этот автомобиль https://www.youtube.com/watch?v=Y7M4F3B7-wA","https://project--dbec8924-ca7b-41f6-b87a-9cd9693ce1a1.lovable.app/__l5e/assets-v1/758c736f-51e6-49c6-adaf-110d06b427ce/catalog-car-034.jpg","","https://www.youtube.com/watch?v=Y7M4F3B7-wA"
"Geely","Geely Galaxy E8 топ","Электромобиль или гибрид","От 258 000 ¥","CNY","Характеристики: Размеры 5010 x 1920 x 1460 Колесная база 2925 mm Колеса R20 Батарея 75 kwh Мощность: Полный привод - 640 л.с. Разгон 0-100: 3.5 сек. Дальность хода по циклу СLTC: 616 км","Характеристики: Размеры 5010 x 1920 x 1460 Колесная база 2925 mm Колеса R20 Батарея 75 kwh Мощность: Полный привод - 640 л.с. Разгон 0-100: 3.5 сек. Дальность хода по циклу СLTC: 616 км | Информация о покупке Основная цена указана в городе Гуанчжоу со всеми экспортными документами. Доставка в Туругарт + затаможка (Граница Китая и Кыргызстана) + 12 000 юаней (минимальный заказ от 1 автомобиля) Камеры вместо зеркал заднего вида + 12000 юаней Доставка в Хоргос + затаможка (граница Китая и Казахстана) + 10 500 юаней (минимальный заказ от 1 автомобиля) Доставка в порт Шанхая (со всеми экспортными документами) + 8 000 юаней (минимальный заказ от 1 автомобиля) Расчет возможен в юанях или долларах по курсу покупки юаня за доллар в Китае. Условия: между клиентом и нашей экспортной компанией контракт купли продажи. С этим контрактом идете в банк и оплачиваете международным переводом. Если автомобиль есть в наличии у дилера, мы работаем по 100% предоплате. Если автомобиля в наличии у дилера нет и нужно ждать пока фабрика его произведет, то сначала мы бронируем автомобиль на фабрике (это от 5000 до 20 000 юаней) и ждем пока фабрика его произведет. Затем контракт и 100% предоплата. Сроки: если автомобиль есть в наличии у дилера, мы берем 30 дней с момента покупки автомобиля до выдачи клиенту в Гуанчжоу. 40-50 дней до выдачи в Хоргосе. 40 дней до выдачи в порту Шанхая. (Эти сроки связаны с тем, что на автомобили нужно делать экспортные документы, перед выдачей клиенту) Сроки: если автомобиля в наличии у дилера нет. То плюс те сроки, которые фабрика возьмет на производство автомобиля. Задержки могут возникать из-за форсмажорных обстоятельств. Эпидемии, тайфуны, землетрясения, война, наводнения. Если такое случится, будем доказывать это из официальных источников. Обзор и тест-драйв https://youtu.be/ifI99542tgk","https://project--dbec8924-ca7b-41f6-b87a-9cd9693ce1a1.lovable.app/__l5e/assets-v1/005f2d08-d9d5-4859-872a-ff95943ca2aa/catalog-car-035.png","",""
"Geely","Geely Galaxy L7 в топе","Электромобиль или гибрид","От 199 000 ¥","CNY","Характеристики: Размеры 4700*1905*1685 Колесная база 2785 mm Колеса 235/50 R19 Мощность: 287 kw Разгон до 100: 6.9 сек. Дальность хода по циклу NEDC: 115km Бак: 60 литров Батарея 18.8 kwh Категории: Авто","Характеристики: Размеры 4700*1905*1685 Колесная база 2785 mm Колеса 235/50 R19 Мощность: 287 kw Разгон до 100: 6.9 сек. Дальность хода по циклу NEDC: 115km Бак: 60 литров Батарея 18.8 kwh Категории: Авто | Информация о покупке Основная цена указана в городе Гуанчжоу со всеми экспортными документами. Доставка в Туругарт + затаможка (Граница Китая и Кыргызстана) + 12 000 юаней (минимальный заказ от 1 автомобиля) Доставка в Хоргос + затаможка (граница Китая и Казахстана) + 10 500 юаней (минимальный заказ от 1 автомобиля) Доставка в порт Шанхая (со всеми экспортными документами) + 8 000 юаней (минимальный заказ от 1 автомобиля) Расчет возможен в юанях или долларах по курсу покупки юаня за доллар в Китае. Условия: между клиентом и нашей экспортной компанией контракт купли продажи. С этим контрактом идете в банк и оплачиваете международным переводом. Если автомобиль есть в наличии у дилера, мы работаем по 100% предоплате. Если автомобиля в наличии у дилера нет и нужно ждать пока фабрика его произведет, то сначала мы бронируем автомобиль на фабрике (это от 5000 до 20 000 юаней) и ждем пока фабрика его произведет. Затем контракт и 100% предоплата. Сроки: если автомобиль есть в наличии у дилера, мы берем 30 дней с момента покупки автомобиля до выдачи клиенту в Гуанчжоу. 40-50 дней до выдачи в Хоргосе. 40 дней до выдачи в порту Шанхая. (Эти сроки связаны с тем, что на автомобили нужно делать экспортные документы, перед выдачей клиенту) Сроки: если автомобиля в наличии у дилера нет. То плюс те сроки, которые фабрика возьмет на производство автомобиля. Задержки могут возникать из-за форсмажорных обстоятельств. Эпидемии, тайфуны, землетрясения, война, наводнения. Если такое случится, будем доказывать это из официальных источников. Обзор автомобиля https://www.youtube.com/watch?v=sYQNJW-_KLQ","https://project--dbec8924-ca7b-41f6-b87a-9cd9693ce1a1.lovable.app/__l5e/assets-v1/6b68f667-577a-462c-8951-bb0b31a51878/catalog-car-036.png","",""
"Geely","Geely Galaxy M9","Электромобиль или гибрид","От 294 000 ¥","CNY","Характеристики: Размеры 5205 x 1999 x 1800 Колесная база 3030 mm Колеса R21 ДВС 1.5T 150 лс 3 электромотора 700 лс Общая мощность 850 лс Разгон до 100: 4.5 сек. Батарея 42 kwh Категории: Авто","Характеристики: Размеры 5205 x 1999 x 1800 Колесная база 3030 mm Колеса R21 ДВС 1.5T 150 лс 3 электромотора 700 лс Общая мощность 850 лс Разгон до 100: 4.5 сек. Батарея 42 kwh Категории: Авто | Информация о покупке Фаркоп допом - 7000 юаней Основная цена указана в городе Гуанчжоу со всеми экспортными документами. Доставка в Туругарт + затаможка (Граница Китая и Кыргызстана) + 12 000 юаней (минимальный заказ от 1 автомобиля) Доставка в Хоргос + затаможка (граница Китая и Казахстана) + 10 500 юаней (минимальный заказ от 1 автомобиля) Доставка в порт Шанхая (со всеми экспортными документами) + 8 000 юаней (минимальный заказ от 1 автомобиля) Расчет возможен в юанях или долларах по курсу покупки юаня за доллар в Китае. Условия: между клиентом и нашей экспортной компанией контракт купли продажи. С этим контрактом идете в банк и оплачиваете международным переводом. Если автомобиль есть в наличии у дилера, мы работаем по 100% предоплате. Если автомобиля в наличии у дилера нет и нужно ждать пока фабрика его произведет, то сначала мы бронируем автомобиль на фабрике (это от 5000 до 20 000 юаней) и ждем пока фабрика его произведет. Затем контракт и 100% предоплата. Сроки: если автомобиль есть в наличии у дилера, мы берем 30 дней с момента покупки автомобиля до выдачи клиенту в Гуанчжоу. 40-50 дней до выдачи в Хоргосе. 40 дней до выдачи в порту Шанхая. (Эти сроки связаны с тем, что на автомобили нужно делать экспортные документы, перед выдачей клиенту) Тест-драйв https://youtu.be/Bnc-vtxZEq4","https://project--dbec8924-ca7b-41f6-b87a-9cd9693ce1a1.lovable.app/__l5e/assets-v1/f5362c7c-cee6-4d78-bf4f-f901c5ba90a8/catalog-car-037.png","",""
"Geely","Geely Starship 7 топ + допы","Электромобиль или гибрид","От 156 000 ¥","CNY","Характеристики: Размеры 4740*1905*1685 Колесная база 2755 mm Колеса 235/50 R19 Мощность: 218 лс Разгон до 100: 7.9 сек. Батарея 19 kwh Категории: Авто","Характеристики: Размеры 4740*1905*1685 Колесная база 2755 mm Колеса 235/50 R19 Мощность: 218 лс Разгон до 100: 7.9 сек. Батарея 19 kwh Категории: Авто | Информация о покупке Основная цена указана в городе Гуанчжоу со всеми экспортными документами. Доставка в Туругарт + затаможка (Граница Китая и Кыргызстана) + 12 000 юаней (минимальный заказ от 1 автомобиля) Доставка в Хоргос + затаможка (граница Китая и Казахстана) + 10 500 юаней (минимальный заказ от 1 автомобиля) Доставка в порт Шанхая (со всеми экспортными документами) + 8 000 юаней (минимальный заказ от 1 автомобиля) Расчет возможен в юанях или долларах по курсу покупки юаня за доллар в Китае. Условия: между клиентом и нашей экспортной компанией контракт купли продажи. С этим контрактом идете в банк и оплачиваете международным переводом. Если автомобиль есть в наличии у дилера, мы работаем по 100% предоплате. Если автомобиля в наличии у дилера нет и нужно ждать пока фабрика его произведет, то сначала мы бронируем автомобиль на фабрике (это от 5000 до 20 000 юаней) и ждем пока фабрика его произведет. Затем контракт и 100% предоплата. Сроки: если автомобиль есть в наличии у дилера, мы берем 30 дней с момента покупки автомобиля до выдачи клиенту в Гуанчжоу. 40-50 дней до выдачи в Хоргосе. 40 дней до выдачи в порту Шанхая. (Эти сроки связаны с тем, что на автомобили нужно делать экспортные документы, перед выдачей клиенту) Сроки: если автомобиля в наличии у дилера нет. То плюс те сроки, которые фабрика возьмет на производство автомобиля. Задержки могут возникать из-за форсмажорных обстоятельств. Эпидемии, тайфуны, землетрясения, война, наводнения. Если такое случится, будем доказывать это из официальных источников. Обзор автомобиля https://www.youtube.com/watch?v=yOrxl0121j8","https://project--dbec8924-ca7b-41f6-b87a-9cd9693ce1a1.lovable.app/__l5e/assets-v1/113daee5-18da-41f7-8cc7-01f5d7a5f6b1/catalog-car-038.png","",""
"HiPhi","HIPHI X (4мст)","Электромобиль или гибрид","От 839 000 ¥","CNY","Характеристики: Размеры 5200 x 2062 x 1618mm Колесная база 3150 mm Колеса 265/45 R21 Батарея 97 kwh Мощность: Полный привод - 590 л.с. Разгон до 100: 3.9 сек. Дальность хода по циклу NEDC: 560 км Тормоза: Брембо","Характеристики: Размеры 5200 x 2062 x 1618mm Колесная база 3150 mm Колеса 265/45 R21 Батарея 97 kwh Мощность: Полный привод - 590 л.с. Разгон до 100: 3.9 сек. Дальность хода по циклу NEDC: 560 км Тормоза: Брембо | Информация о покупке Основная цена указана в городе Гуанчжоу со всеми экспортными документами. Доставка в Туругарт + затаможка (Граница Китая и Кыргызстана) + 12 000 юаней (минимальный заказ от 1 автомобиля) Доставка в Хоргос + затаможка (граница Китая и Казахстана) + 10 500 юаней (минимальный заказ от 1 автомобиля) Доставка в порт Шанхая (со всеми экспортными документами) + 8 000 юаней (минимальный заказ от 1 автомобиля) Расчет возможен в юанях или долларах по курсу покупки юаня за доллар в Китае. Условия: между клиентом и нашей экспортной компанией контракт купли продажи. С этим контрактом идете в банк и оплачиваете международным переводом. Если автомобиль есть в наличии у дилера, мы работаем по 100% предоплате. Если автомобиля в наличии у дилера нет и нужно ждать пока фабрика его произведет, то сначала мы бронируем автомобиль на фабрике (это от 5000 до 20 000 юаней) и ждем пока фабрика его произведет. Затем контракт и 100% предоплата. Сроки: если автомобиль есть в наличии у дилера, мы берем 30 дней с момента покупки автомобиля до выдачи клиенту в Гуанчжоу. 40-50 дней до выдачи в Хоргосе. 40 дней до выдачи в порту Шанхая. (Эти сроки связаны с тем, что на автомобили нужно делать экспортные документы, перед выдачей клиенту) Сроки: если автомобиля в наличии у дилера нет. То плюс те сроки, которые фабрика возьмет на производство автомобиля. Задержки могут возникать из-за форсмажорных обстоятельств. Эпидемии, тайфуны, землетрясения, война, наводнения. Если такое случится, будем доказывать это из официальных источников. Тест-драйв и обзор на этот автомобиль https://youtu.be/l-QGzDxP7dI","https://project--dbec8924-ca7b-41f6-b87a-9cd9693ce1a1.lovable.app/__l5e/assets-v1/b66803d0-ec85-4493-a6a1-c3015818687c/catalog-car-039.jpg","","https://youtu.be/l-QGzDxP7dI"
"HiPhi","HIPHI X (6мст)","Электромобиль или гибрид","От 715 000 ¥","CNY","Характеристики: Размеры 5200 x 2062 x 1618mm Колесная база 3150 mm Колеса 265/45 R21 Батарея 97 kwh Мощность: Полный привод - 590 л.с. Разгон до 100: 3.9 сек. Дальность хода по циклу NEDC: 560 км Тормоза: Брембо","Характеристики: Размеры 5200 x 2062 x 1618mm Колесная база 3150 mm Колеса 265/45 R21 Батарея 97 kwh Мощность: Полный привод - 590 л.с. Разгон до 100: 3.9 сек. Дальность хода по циклу NEDC: 560 км Тормоза: Брембо | Информация о покупке Основная цена указана в городе Гуанчжоу со всеми экспортными документами. Доставка в Туругарт + затаможка (Граница Китая и Кыргызстана) + 12 000 юаней (минимальный заказ от 1 автомобиля) Доставка в Хоргос + затаможка (граница Китая и Казахстана) + 10 500 юаней (минимальный заказ от 1 автомобиля) Доставка в порт Шанхая (со всеми экспортными документами) + 8 000 юаней (минимальный заказ от 1 автомобиля) Расчет возможен в юанях или долларах по курсу покупки юаня за доллар в Китае. Условия: между клиентом и нашей экспортной компанией контракт купли продажи. С этим контрактом идете в банк и оплачиваете международным переводом. Если автомобиль есть в наличии у дилера, мы работаем по 100% предоплате. Если автомобиля в наличии у дилера нет и нужно ждать пока фабрика его произведет, то сначала мы бронируем автомобиль на фабрике (это от 5000 до 20 000 юаней) и ждем пока фабрика его произведет. Затем контракт и 100% предоплата. Сроки: если автомобиль есть в наличии у дилера, мы берем 30 дней с момента покупки автомобиля до выдачи клиенту в Гуанчжоу. 40-50 дней до выдачи в Хоргосе. 40 дней до выдачи в порту Шанхая. (Эти сроки связаны с тем, что на автомобили нужно делать экспортные документы, перед выдачей клиенту) Сроки: если автомобиля в наличии у дилера нет. То плюс те сроки, которые фабрика возьмет на производство автомобиля. Задержки могут возникать из-за форсмажорных обстоятельств. Эпидемии, тайфуны, землетрясения, война, наводнения. Если такое случится, будем доказывать это из официальных источников. Тест-драйв и обзор на этот автомобиль","https://project--dbec8924-ca7b-41f6-b87a-9cd9693ce1a1.lovable.app/__l5e/assets-v1/d487d4d1-591e-4dc3-b489-66fbad167842/catalog-car-040.jpg","",""
"HiPhi","Hiphi Y Long range R21 + все допы","Электромобиль или гибрид","От 476 000 ¥","CNY","Характеристики: Размеры 4938 x 1958 x 1658mm Колесная база 2950 мм Батарея 115 kwh Мощность: задний привод 335 л.с. Диски: R20 Разгон до 100: 4.7 сек. Дальность хода по циклу NEDC: 810 км (CLTC)","Характеристики: Размеры 4938 x 1958 x 1658mm Колесная база 2950 мм Батарея 115 kwh Мощность: задний привод 335 л.с. Диски: R20 Разгон до 100: 4.7 сек. Дальность хода по циклу NEDC: 810 км (CLTC) | Информация о покупке Основная цена указана в городе Гуанчжоу со всеми экспортными документами. Доставка в Туругарт + затаможка (Граница Китая и Кыргызстана) + 12 000 юаней (минимальный заказ от 1 автомобиля) Доставка в Хоргос + затаможка (граница Китая и Казахстана) + 10 500 юаней (минимальный заказ от 1 автомобиля) Доставка в порт Шанхая (со всеми экспортными документами) + 8 000 юаней (минимальный заказ от 1 автомобиля) Расчет возможен в юанях или долларах по курсу покупки юаня за доллар в Китае. Условия: между клиентом и нашей экспортной компанией контракт купли продажи. С этим контрактом идете в банк и оплачиваете международным переводом. Если автомобиль есть в наличии у дилера, мы работаем по 100% предоплате. Если автомобиля в наличии у дилера нет и нужно ждать пока фабрика его произведет, то сначала мы бронируем автомобиль на фабрике (это от 5000 до 20 000 юаней) и ждем пока фабрика его произведет. Затем контракт и 100% предоплата. Сроки: если автомобиль есть в наличии у дилера, мы берем 30 дней с момента покупки автомобиля до выдачи клиенту в Гуанчжоу. 40-50 дней до выдачи в Хоргосе. 40 дней до выдачи в порту Шанхая. (Эти сроки связаны с тем, что на автомобили нужно делать экспортные документы, перед выдачей клиенту) Сроки: если автомобиля в наличии у дилера нет. То плюс те сроки, которые фабрика возьмет на производство автомобиля. Задержки могут возникать из-за форсмажорных обстоятельств. Эпидемии, тайфуны, землетрясения, война, наводнения. Если такое случится, будем доказывать это из официальных источников. Тест-драйв и обзор на этот автомобиль https://youtu.be/lH3vVoU-9VE","https://project--dbec8924-ca7b-41f6-b87a-9cd9693ce1a1.lovable.app/__l5e/assets-v1/fa1daeec-d975-4370-af4b-e8ef583a4255/catalog-car-041.png","","https://youtu.be/lH3vVoU-9VE"
"HiPhi","Hiphi Y perfomance +","Электромобиль или гибрид","От 501 000 ¥","CNY","Характеристики: Размеры 4938 x 1958 x 1658mm Колесная база 2950 мм Батарея 115 kwh Мощность: Полный привод 505 л.с. Диски: 275/40 R21 Разгон до 100: 4.7 сек. Дальность хода по циклу NEDC: 765 км (CLTC)","Характеристики: Размеры 4938 x 1958 x 1658mm Колесная база 2950 мм Батарея 115 kwh Мощность: Полный привод 505 л.с. Диски: 275/40 R21 Разгон до 100: 4.7 сек. Дальность хода по циклу NEDC: 765 км (CLTC) | Информация о покупке Основная цена указана в городе Гуанчжоу со всеми экспортными документами. Доставка в Туругарт + затаможка (Граница Китая и Кыргызстана) + 12 000 юаней (минимальный заказ от 1 автомобиля) Доставка в Хоргос + затаможка (граница Китая и Казахстана) + 10 500 юаней (минимальный заказ от 1 автомобиля) Доставка в порт Шанхая (со всеми экспортными документами) + 8 000 юаней (минимальный заказ от 1 автомобиля) Расчет возможен в юанях или долларах по курсу покупки юаня за доллар в Китае. Условия: между клиентом и нашей экспортной компанией контракт купли продажи. С этим контрактом идете в банк и оплачиваете международным переводом. Если автомобиль есть в наличии у дилера, мы работаем по 100% предоплате. Если автомобиля в наличии у дилера нет и нужно ждать пока фабрика его произведет, то сначала мы бронируем автомобиль на фабрике (это от 5000 до 20 000 юаней) и ждем пока фабрика его произведет. Затем контракт и 100% предоплата. Сроки: если автомобиль есть в наличии у дилера, мы берем 30 дней с момента покупки автомобиля до выдачи клиенту в Гуанчжоу. 40-50 дней до выдачи в Хоргосе. 40 дней до выдачи в порту Шанхая. (Эти сроки связаны с тем, что на автомобили нужно делать экспортные документы, перед выдачей клиенту) Сроки: если автомобиля в наличии у дилера нет. То плюс те сроки, которые фабрика возьмет на производство автомобиля. Задержки могут возникать из-за форсмажорных обстоятельств. Эпидемии, тайфуны, землетрясения, война, наводнения. Если такое случится, будем доказывать это из официальных источников. Тест-драйв и обзор на этот автомобиль https://youtu.be/lH3vVoU-9VE","https://project--dbec8924-ca7b-41f6-b87a-9cd9693ce1a1.lovable.app/__l5e/assets-v1/63c62400-e5ad-4d31-84b2-8ca85ff72eac/catalog-car-042.png","","https://youtu.be/lH3vVoU-9VE"
"HiPhi","Hiphi Z (4местный)","Электромобиль или гибрид","От 706 000 ¥","CNY","Характеристики: Размеры 5036 x 2018 x 1430mm Колесная база 3150 mm Колеса 285/40 R22 Батарея 120 kwh Мощность: Полный привод - 675 л.с. Разгон до 100: 3.8 сек. Дальность хода по циклу NEDC: 700 км Тормоза: Брембо","Характеристики: Размеры 5036 x 2018 x 1430mm Колесная база 3150 mm Колеса 285/40 R22 Батарея 120 kwh Мощность: Полный привод - 675 л.с. Разгон до 100: 3.8 сек. Дальность хода по циклу NEDC: 700 км Тормоза: Брембо | Информация о покупке Топовые колеса +20 000 юаней Основная цена указана в городе Гуанчжоу со всеми экспортными документами. Доставка в Туругарт + затаможка (Граница Китая и Кыргызстана) + 12 000 юаней (минимальный заказ от 1 автомобиля) Доставка в Хоргос + затаможка (граница Китая и Казахстана) + 10 500 юаней (минимальный заказ от 1 автомобиля) Доставка в порт Шанхая (со всеми экспортными документами) + 8 000 юаней (минимальный заказ от 1 автомобиля) Расчет возможен в юанях или долларах по курсу покупки юаня за доллар в Китае. Условия: между клиентом и нашей экспортной компанией контракт купли продажи. С этим контрактом идете в банк и оплачиваете международным переводом. Если автомобиль есть в наличии у дилера, мы работаем по 100% предоплате. Если автомобиля в наличии у дилера нет и нужно ждать пока фабрика его произведет, то сначала мы бронируем автомобиль на фабрике (это от 5000 до 20 000 юаней) и ждем пока фабрика его произведет. Затем контракт и 100% предоплата. Сроки: если автомобиль есть в наличии у дилера, мы берем 30 дней с момента покупки автомобиля до выдачи клиенту в Гуанчжоу. 40-50 дней до выдачи в Хоргосе. 40 дней до выдачи в порту Шанхая. (Эти сроки связаны с тем, что на автомобили нужно делать экспортные документы, перед выдачей клиенту) Сроки: если автомобиля в наличии у дилера нет. То плюс те сроки, которые фабрика возьмет на производство автомобиля. Задержки могут возникать из-за форсмажорных обстоятельств. Эпидемии, тайфуны, землетрясения, война, наводнения. Если такое случится, будем доказывать это из официальных источников. Обзор и тест драйва на автомобиль https://www.youtube.com/watch?v=OdGYDjhXIyQ","https://project--dbec8924-ca7b-41f6-b87a-9cd9693ce1a1.lovable.app/__l5e/assets-v1/02ba1764-bb42-4feb-b043-34fd0628b75b/catalog-car-043.jpg","",""
"Hongqi","Hongqi EHS9 (4мстн) самая максимальная комплектация 4мстн.","Электромобиль или гибрид","От 779 000 ¥","CNY","Характеристики: Самая максимальная комплектация! 4мст (2 ряда сидений) Новый автомобиль! Характеристики: Размеры 5209 x 2010 x 1713 Колесная база 3110 mm Колеса 275/40 R22 Мощность: Полный привод - 550 л.с. Разгон до 100: 4.7 сек. Дальность хода по циклу NEDC: 660km Батарея 120 kwh Бренд: Hongqi EHS9 Категории: Авто","Характеристики: Самая максимальная комплектация! 4мст (2 ряда сидений) Новый автомобиль! Характеристики: Размеры 5209 x 2010 x 1713 Колесная база 3110 mm Колеса 275/40 R22 Мощность: Полный привод - 550 л.с. Разгон до 100: 4.7 сек. Дальность хода по циклу NEDC: 660km Батарея 120 kwh Бренд: Hongqi EHS9 Категории: Авто | Информация о покупке Основная цена указана в городе Гуанчжоу со всеми экспортными документами. Доставка в Туругарт + затаможка (Граница Китая и Кыргызстана) + 12 000 юаней (минимальный заказ от 1 автомобиля) Доставка в Хоргос + затаможка (граница Китая и Казахстана) + 10 500 юаней (минимальный заказ от 1 автомобиля) Доставка в порт Шанхая (со всеми экспортными документами) + 8 000 юаней (минимальный заказ от 1 автомобиля) Расчет возможен в юанях или долларах по курсу покупки юаня за доллар в Китае. Условия: между клиентом и нашей экспортной компанией контракт купли продажи. С этим контрактом идете в банк и оплачиваете международным переводом. Если автомобиль есть в наличии у дилера, мы работаем по 100% предоплате. Если автомобиля в наличии у дилера нет и нужно ждать пока фабрика его произведет, то сначала мы бронируем автомобиль на фабрике (это от 5000 до 20 000 юаней) и ждем пока фабрика его произведет. Затем контракт и 100% предоплата. Сроки: если автомобиль есть в наличии у дилера, мы берем 30 дней с момента покупки автомобиля до выдачи клиенту в Гуанчжоу. 40-50 дней до выдачи в Хоргосе. 40 дней до выдачи в порту Шанхая. (Эти сроки связаны с тем, что на автомобили нужно делать экспортные документы, перед выдачей клиенту) Сроки: если автомобиля в наличии у дилера нет. То плюс те сроки, которые фабрика возьмет на производство автомобиля. Задержки могут возникать из-за форсмажорных обстоятельств. Эпидемии, тайфуны, землетрясения, война, наводнения. Если такое случится, будем доказывать это из официальных источников. Тест-драйв и обзор на этот автомобиль https://youtu.be/jJLq053ctRk","https://project--dbec8924-ca7b-41f6-b87a-9cd9693ce1a1.lovable.app/__l5e/assets-v1/c190c29f-b0c5-44bb-93a2-5b6851b9d4e0/catalog-car-044.png","","https://youtu.be/jJLq053ctRk"
"Huawei","Huawei Aito M5 electric без допов","Электромобиль или гибрид","От 324 000 ¥","CNY","Характеристики: Размеры 4770x1930x1625 Колесная база 2880 мм Привод: Полный Колеса 255/45 R20 Мощность 2х электромоторов. Полный привод - 496 л.с. Батарея 80kwh Разгон до 100: полный привод - 4.4сек Дальность хода на чистой электротяге: 500км","Характеристики: Размеры 4770x1930x1625 Колесная база 2880 мм Привод: Полный Колеса 255/45 R20 Мощность 2х электромоторов. Полный привод - 496 л.с. Батарея 80kwh Разгон до 100: полный привод - 4.4сек Дальность хода на чистой электротяге: 500км | Информация о покупке Основная цена указана в городе Гуанчжоу со всеми экспортными документами. Доставка в Туругарт + затаможка (Граница Китая и Кыргызстана) + 12 000 юаней (минимальный заказ от 1 автомобиля) Доставка в Хоргос + затаможка (граница Китая и Казахстана) + 10 500 юаней (минимальный заказ от 1 автомобиля) Доставка в порт Шанхая (со всеми экспортными документами) + 8 000 юаней (минимальный заказ от 1 автомобиля) Расчет возможен в юанях или долларах по курсу покупки юаня за доллар в Китае. Условия: между клиентом и нашей экспортной компанией контракт купли продажи. С этим контрактом идете в банк и оплачиваете международным переводом. Если автомобиль есть в наличии у дилера, мы работаем по 100% предоплате. Если автомобиля в наличии у дилера нет и нужно ждать пока фабрика его произведет, то сначала мы бронируем автомобиль на фабрике (это от 5000 до 20 000 юаней) и ждем пока фабрика его произведет. Затем контракт и 100% предоплата. Сроки: если автомобиль есть в наличии у дилера, мы берем 10 дней с момента покупки автомобиля до выдачи клиенту в Гуанчжоу. 25-30 дней до выдачи в Хоргосе. 25 дней до выдачи в порту Шанхая. (Эти сроки связаны с тем, что на автомобили нужно делать экспортные документы, перед выдачей клиенту) Сроки: если автомобиля в наличии у дилера нет. То плюс те сроки, которые фабрика возьмет на производство автомобиля. Задержки могут возникать из-за форсмажорных обстоятельств. Эпидемии, тайфуны, землетрясения, война, наводнения. Если такое случится, будем доказывать это из официальных источников. Тест-драйв и обзор на этот автомобиль https://www.youtube.com/watch?v=KQfdt-A1DVw&t=48s","https://project--dbec8924-ca7b-41f6-b87a-9cd9693ce1a1.lovable.app/__l5e/assets-v1/07f0340e-d80d-4a84-aba2-135373148440/catalog-car-045.png","","https://www.youtube.com/watch?v=KQfdt-A1DVw&t=48s"
"Huawei","Huawei Aito M8 (3 ряда) гибрид Ultra (без допов)","Электромобиль или гибрид","От 499 000 ¥","CNY","Характеристики: Размеры 5190 x 1999 x 1795 Колесная база 3105 mm Колеса 275/50 R22 Мощность: Полный привод - 533 л.с. Разгон до 100: 4.3 сек. Дальность хода по циклу CLTC: 600 км на чистой электротяге Батарея 53 kwh ДВС генератор 1.5Т (160лс) Бренд: Huawei Aito Категории: Авто","Характеристики: Размеры 5190 x 1999 x 1795 Колесная база 3105 mm Колеса 275/50 R22 Мощность: Полный привод - 533 л.с. Разгон до 100: 4.3 сек. Дальность хода по циклу CLTC: 600 км на чистой электротяге Батарея 53 kwh ДВС генератор 1.5Т (160лс) Бренд: Huawei Aito Категории: Авто | Информация о покупке Версия с 2 рядами сидений. ULTRA без допов - 427 000 юаней Основная цена указана в городе Гуанчжоу со всеми экспортными документами. Доставка в Туругарт + затаможка (Граница Китая и Кыргызстана) + 12 000 юаней (минимальный заказ от 1 автомобиля) Доставка в Хоргос + затаможка (граница Китая и Казахстана) + 10 500 юаней (минимальный заказ от 1 автомобиля) Доставка в порт Шанхая (со всеми экспортными документами) + 8 000 юаней (минимальный заказ от 1 автомобиля) Расчет возможен в юанях или долларах по курсу покупки юаня за доллар в Китае. Условия: между клиентом и нашей экспортной компанией контракт купли продажи. С этим контрактом идете в банк и оплачиваете международным переводом. Если автомобиль есть в наличии у дилера, мы работаем по 100% предоплате. Если автомобиля в наличии у дилера нет и нужно ждать пока фабрика его произведет, то сначала мы бронируем автомобиль на фабрике (это от 5000 до 20 000 юаней) и ждем пока фабрика его произведет. Затем контракт и 100% предоплата. Сроки: если автомобиль есть в наличии у дилера, мы берем 10 дней с момента покупки автомобиля до выдачи клиенту в Гуанчжоу. 25-30 дней до выдачи в Хоргосе. 25 дней до выдачи в порту Шанхая. (Эти сроки связаны с тем, что на автомобили нужно делать экспортные документы, перед выдачей клиенту) Сроки: если автомобиля в наличии у дилера нет. То плюс те сроки, которые фабрика возьмет на производство автомобиля. Задержки могут возникать из-за форсмажорных обстоятельств. Эпидемии, тайфуны, землетрясения, война, наводнения. Если такое случится, будем доказывать это из официальных источников. Тест-драйв и обзор на этот автомобиль https://youtu.be/_ZRUDXD89pQ","https://project--dbec8924-ca7b-41f6-b87a-9cd9693ce1a1.lovable.app/__l5e/assets-v1/8f2e0815-7cde-4b41-93d3-f765e3baa0ff/catalog-car-046.jpg","","https://youtu.be/_ZRUDXD89pQ"
"Huawei","Huawei Aito m5 MAX RS","Электромобиль или гибрид","От 301 000 ¥","CNY","Характеристики: Размеры 4770x1930x1625 Колесная база 2880 мм Привод: Полный Колеса 255/45 R20 Мощность 2х электромоторов. Полный привод - 450 л.с. Мощность ДВС (генератора) 150л.с Разгон до 100: полный привод - 4.3сек Расход топлива 7л на 100км Батарея 37 kwh Дальность хода на чистой электротяге: 150км","Характеристики: Размеры 4770x1930x1625 Колесная база 2880 мм Привод: Полный Колеса 255/45 R20 Мощность 2х электромоторов. Полный привод - 450 л.с. Мощность ДВС (генератора) 150л.с Разгон до 100: полный привод - 4.3сек Расход топлива 7л на 100км Батарея 37 kwh Дальность хода на чистой электротяге: 150км | Информация о покупке Основная цена указана в городе Гуанчжоу со всеми экспортными документами. Доставка в Туругарт + затаможка (Граница Китая и Кыргызстана) + 12 000 юаней (минимальный заказ от 1 автомобиля) Доставка в Хоргос + затаможка (граница Китая и Казахстана) + 10 500 юаней (минимальный заказ от 1 автомобиля) Доставка в порт Шанхая (со всеми экспортными документами) + 8 000 юаней (минимальный заказ от 1 автомобиля) Расчет возможен в юанях или долларах по курсу покупки юаня за доллар в Китае. Условия: между клиентом и нашей экспортной компанией контракт купли продажи. С этим контрактом идете в банк и оплачиваете международным переводом. Если автомобиль есть в наличии у дилера, мы работаем по 100% предоплате. Если автомобиля в наличии у дилера нет и нужно ждать пока фабрика его произведет, то сначала мы бронируем автомобиль на фабрике (это от 5000 до 20 000 юаней) и ждем пока фабрика его произведет. Затем контракт и 100% предоплата. Сроки: если автомобиль есть в наличии у дилера, мы берем 10 дней с момента покупки автомобиля до выдачи клиенту в Гуанчжоу. 25-30 дней до выдачи в Хоргосе. 25 дней до выдачи в порту Шанхая. (Эти сроки связаны с тем, что на автомобили нужно делать экспортные документы, перед выдачей клиенту) Сроки: если автомобиля в наличии у дилера нет. То плюс те сроки, которые фабрика возьмет на производство автомобиля. Задержки могут возникать из-за форсмажорных обстоятельств. Эпидемии, тайфуны, землетрясения, война, наводнения. Если такое случится, будем доказывать это из официальных источников. Тест-драйв и обзор на этот автомобиль https://www.youtube.com/watch?v=KQfdt-A1DVw&t=48s","https://project--dbec8924-ca7b-41f6-b87a-9cd9693ce1a1.lovable.app/__l5e/assets-v1/a38ed2b6-6c7e-413d-a059-235ac8b384a2/catalog-car-047.jpg","","https://www.youtube.com/watch?v=KQfdt-A1DVw&t=48s"
"Huawei","Huawei Aito m7 Ultra hybrid (5местн)","Электромобиль или гибрид","От 325 000 ¥","CNY","Характеристики: Размеры 5030x1960x1760 Колесная база 2820 мм Привод: Полный Колеса 265/45 R21 Мощность 2х электромоторов. Полный привод - 450 л.с. Мощность ДВС (генератора) 150л.с Разгон до 100: полный привод - 4.8сек Расход топлива 7л на 100км Батарея 42 kwh Дальность хода на чистой электротяге: 200км","Характеристики: Размеры 5030x1960x1760 Колесная база 2820 мм Привод: Полный Колеса 265/45 R21 Мощность 2х электромоторов. Полный привод - 450 л.с. Мощность ДВС (генератора) 150л.с Разгон до 100: полный привод - 4.8сек Расход топлива 7л на 100км Батарея 42 kwh Дальность хода на чистой электротяге: 200км | Информация о покупке Основная цена указана в городе Гуанчжоу со всеми экспортными документами. Доставка в Туругарт + затаможка (Граница Китая и Кыргызстана) + 12 000 юаней (минимальный заказ от 1 автомобиля) Доставка в Хоргос + затаможка (граница Китая и Казахстана) + 10 500 юаней (минимальный заказ от 1 автомобиля) Доставка в порт Шанхая (со всеми экспортными документами) + 8 000 юаней (минимальный заказ от 1 автомобиля) Расчет возможен в юанях или долларах по курсу покупки юаня за доллар в Китае. Условия: между клиентом и нашей экспортной компанией контракт купли продажи. С этим контрактом идете в банк и оплачиваете международным переводом. Если автомобиль есть в наличии у дилера, мы работаем по 100% предоплате. Если автомобиля в наличии у дилера нет и нужно ждать пока фабрика его произведет, то сначала мы бронируем автомобиль на фабрике (это от 5000 до 20 000 юаней) и ждем пока фабрика его произведет. Затем контракт и 100% предоплата. Сроки: если автомобиль есть в наличии у дилера, мы берем 10 дней с момента покупки автомобиля до выдачи клиенту в Гуанчжоу. 25-30 дней до выдачи в Хоргосе. 25 дней до выдачи в порту Шанхая. (Эти сроки связаны с тем, что на автомобили нужно делать экспортные документы, перед выдачей клиенту) Сроки: если автомобиля в наличии у дилера нет. То плюс те сроки, которые фабрика возьмет на производство автомобиля. Задержки могут возникать из-за форсмажорных обстоятельств. Эпидемии, тайфуны, землетрясения, война, наводнения. Если такое случится, будем доказывать это из официальных источников. Тест-драйв и обзор на этот автомобиль https://youtu.be/EHJdEQwhsI0","https://project--dbec8924-ca7b-41f6-b87a-9cd9693ce1a1.lovable.app/__l5e/assets-v1/6ca3eec7-038a-45d1-99b7-b2941d991f9c/catalog-car-048.png","","https://youtu.be/EHJdEQwhsI0"
"Huawei","Huawei M9 (6мест) гибрид Ultra + все допы (R22 / 52kwh)","Электромобиль или гибрид","От 680 000 ¥","CNY","Характеристики: Размеры 5230 x 1999 x 1800 Колесная база 3110 mm Колеса 275/50 R22 Мощность: Полный привод - 490 л.с. Разгон до 100: 5.3 сек. Дальность хода по циклу NEDC: 250 км на чистой электротяге Батарея 52 kwh Бак: 60л Расход топилва 8л/100км Бренд: Huawei Aito Категории: Авто","Характеристики: Размеры 5230 x 1999 x 1800 Колесная база 3110 mm Колеса 275/50 R22 Мощность: Полный привод - 490 л.с. Разгон до 100: 5.3 сек. Дальность хода по циклу NEDC: 250 км на чистой электротяге Батарея 52 kwh Бак: 60л Расход топилва 8л/100км Бренд: Huawei Aito Категории: Авто | Информация о покупке Двойной цвет +10 000 юаней . Бежевая кожа сидений + светлое дерево +12 000 юаней Основная цена указана в городе Гуанчжоу со всеми экспортными документами. Доставка в Туругарт + затаможка (Граница Китая и Кыргызстана) + 12 000 юаней (минимальный заказ от 1 автомобиля) Доставка в Хоргос + затаможка (граница Китая и Казахстана) + 10 500 юаней (минимальный заказ от 1 автомобиля) Доставка в порт Шанхая (со всеми экспортными документами) + 8 000 юаней (минимальный заказ от 1 автомобиля) Расчет возможен в юанях или долларах по курсу покупки юаня за доллар в Китае. Условия: между клиентом и нашей экспортной компанией контракт купли продажи. С этим контрактом идете в банк и оплачиваете международным переводом. Если автомобиль есть в наличии у дилера, мы работаем по 100% предоплате. Если автомобиля в наличии у дилера нет и нужно ждать пока фабрика его произведет, то сначала мы бронируем автомобиль на фабрике (это от 5000 до 20 000 юаней) и ждем пока фабрика его произведет. Затем контракт и 100% предоплата. Сроки: если автомобиль есть в наличии у дилера, мы берем 10 дней с момента покупки автомобиля до выдачи клиенту в Гуанчжоу. 25-30 дней до выдачи в Хоргосе. 25 дней до выдачи в порту Шанхая. (Эти сроки связаны с тем, что на автомобили нужно делать экспортные документы, перед выдачей клиенту) Сроки: если автомобиля в наличии у дилера нет. То плюс те сроки, которые фабрика возьмет на производство автомобиля. Задержки могут возникать из-за форсмажорных обстоятельств. Эпидемии, тайфуны, землетрясения, война, наводнения. Если такое случится, будем доказывать это из официальных источников. Тест-драйв и обзор на этот автомобиль https://youtu.be/h4y9yS_AbkY","https://project--dbec8924-ca7b-41f6-b87a-9cd9693ce1a1.lovable.app/__l5e/assets-v1/defc46a3-0394-4c00-a3c8-3e542c0f658c/catalog-car-049.jpg","","https://youtu.be/h4y9yS_AbkY"
"Huawei","Huawei M9 EV (6 мест) Ultra + все допы. (R22 / 100kwh)","Электромобиль или гибрид","От 715 000 ¥","CNY","Характеристики: Размеры 5230 x 1999 x 1800 Колесная база 3110 mm Колеса 275/50 R22 Мощность: Полный привод - 540 л.с. Разгон до 100: 4.3 сек. Дальность хода по циклу CLTC: 600 км на чистой электротяге Батарея 100 kwh Бренд: Huawei Aito Категории: Авто","Характеристики: Размеры 5230 x 1999 x 1800 Колесная база 3110 mm Колеса 275/50 R22 Мощность: Полный привод - 540 л.с. Разгон до 100: 4.3 сек. Дальность хода по циклу CLTC: 600 км на чистой электротяге Батарея 100 kwh Бренд: Huawei Aito Категории: Авто | Информация о покупке Двойной цвет +10 000 юаней . Бежевая кожа сидений + светлое дерево +12 000 юаней Основная цена указана в городе Гуанчжоу со всеми экспортными документами. Доставка в Туругарт + затаможка (Граница Китая и Кыргызстана) + 12 000 юаней (минимальный заказ от 1 автомобиля) Доставка в Хоргос + затаможка (граница Китая и Казахстана) + 10 500 юаней (минимальный заказ от 1 автомобиля) Доставка в порт Шанхая (со всеми экспортными документами) + 8 000 юаней (минимальный заказ от 1 автомобиля) Расчет возможен в юанях или долларах по курсу покупки юаня за доллар в Китае. Условия: между клиентом и нашей экспортной компанией контракт купли продажи. С этим контрактом идете в банк и оплачиваете международным переводом. Если автомобиль есть в наличии у дилера, мы работаем по 100% предоплате. Если автомобиля в наличии у дилера нет и нужно ждать пока фабрика его произведет, то сначала мы бронируем автомобиль на фабрике (это от 5000 до 20 000 юаней) и ждем пока фабрика его произведет. Затем контракт и 100% предоплата. Сроки: если автомобиль есть в наличии у дилера, мы берем 10 дней с момента покупки автомобиля до выдачи клиенту в Гуанчжоу. 25-30 дней до выдачи в Хоргосе. 25 дней до выдачи в порту Шанхая. (Эти сроки связаны с тем, что на автомобили нужно делать экспортные документы, перед выдачей клиенту) Сроки: если автомобиля в наличии у дилера нет. То плюс те сроки, которые фабрика возьмет на производство автомобиля. Задержки могут возникать из-за форсмажорных обстоятельств. Эпидемии, тайфуны, землетрясения, война, наводнения. Если такое случится, будем доказывать это из официальных источников. Тест-драйв и обзор на этот автомобиль https://youtu.be/h4y9yS_AbkY","https://project--dbec8924-ca7b-41f6-b87a-9cd9693ce1a1.lovable.app/__l5e/assets-v1/878e74cb-4115-42b6-99c3-ce3c237f8043/catalog-car-050.jpg","","https://youtu.be/h4y9yS_AbkY"
"Huawei","Huawei R7 EV Ultra (R21)","Электромобиль или гибрид","От 365 000 ¥","CNY","Характеристики: Размеры 4956 x 1981 x 1634 Колёсная база 2950 mm. Колеса 265/45 R21 Батарея 100 kwh Мощность 495 лс Привод полный Пневма Разгон 3.9сек / 100","Характеристики: Размеры 4956 x 1981 x 1634 Колёсная база 2950 mm. Колеса 265/45 R21 Батарея 100 kwh Мощность 495 лс Привод полный Пневма Разгон 3.9сек / 100 | Информация о покупке Основная цена указана в городе Гуанчжоу со всеми экспортными документами. Доставка в Туругарт + затаможка (Граница Китая и Кыргызстана) + 12 000 юаней (минимальный заказ от 1 автомобиля) Доставка в Хоргос + затаможка (граница Китая и Казахстана) + 10 500 юаней (минимальный заказ от 1 автомобиля) Доставка в порт Шанхая (со всеми экспортными документами) + 8 000 юаней (минимальный заказ от 1 автомобиля) Расчет возможен в юанях или долларах по курсу покупки юаня за доллар в Китае. Условия: между клиентом и нашей экспортной компанией контракт купли продажи. С этим контрактом идете в банк и оплачиваете международным переводом. Если автомобиль есть в наличии у дилера, мы работаем по 100% предоплате. Если автомобиля в наличии у дилера нет и нужно ждать пока фабрика его произведет, то сначала мы бронируем автомобиль на фабрике (это от 5000 до 20 000 юаней) и ждем пока фабрика его произведет. Затем контракт и 100% предоплата. Сроки: если автомобиль есть в наличии у дилера, мы берем 10 дней с момента покупки автомобиля до выдачи клиенту в Гуанчжоу. 25-30 дней до выдачи в Хоргосе. 25 дней до выдачи в порту Шанхая. (Эти сроки связаны с тем, что на автомобили нужно делать экспортные документы, перед выдачей клиенту) Сроки: если автомобиля в наличии у дилера нет. То плюс те сроки, которые фабрика возьмет на производство автомобиля. Задержки могут возникать из-за форсмажорных обстоятельств. Эпидемии, тайфуны, землетрясения, война, наводнения. Если такое случится, будем доказывать это из официальных источников. Обзор и тест-драйв https://www.youtube.com/watch?v=y0v66WMCFpo","https://project--dbec8924-ca7b-41f6-b87a-9cd9693ce1a1.lovable.app/__l5e/assets-v1/84ffa1f7-803f-449e-8c15-e811005345f5/catalog-car-051.jpg","",""
"Huawei","Huawei Stelato S9 Ultra R21 без допов","Электромобиль или гибрид","От 496 000 ¥","CNY","Характеристики: Размеры 5160 x 1987 x 1486 Колёсная база 3050 mm. Колеса 265/40 R21 Батарея 100 kwh Полный привод 520 лс Разгон 3.9сек / 100","Характеристики: Размеры 5160 x 1987 x 1486 Колёсная база 3050 mm. Колеса 265/40 R21 Батарея 100 kwh Полный привод 520 лс Разгон 3.9сек / 100 | Информация о покупке Основная цена указана в городе Гуанчжоу со всеми экспортными документами. Доставка в Туругарт + затаможка (Граница Китая и Кыргызстана) + 12 000 юаней (минимальный заказ от 1 автомобиля) Доставка в Хоргос + затаможка (граница Китая и Казахстана) + 10 500 юаней (минимальный заказ от 1 автомобиля) Доставка в порт Шанхая (со всеми экспортными документами) + 8 000 юаней (минимальный заказ от 1 автомобиля) Расчет возможен в юанях или долларах по курсу покупки юаня за доллар в Китае. Условия: между клиентом и нашей экспортной компанией контракт купли продажи. С этим контрактом идете в банк и оплачиваете международным переводом. Если автомобиль есть в наличии у дилера, мы работаем по 100% предоплате. Если автомобиля в наличии у дилера нет и нужно ждать пока фабрика его произведет, то сначала мы бронируем автомобиль на фабрике (это от 5000 до 20 000 юаней) и ждем пока фабрика его произведет. Затем контракт и 100% предоплата. Сроки: если автомобиль есть в наличии у дилера, мы берем 10 дней с момента покупки автомобиля до выдачи клиенту в Гуанчжоу. 25-30 дней до выдачи в Хоргосе. 25 дней до выдачи в порту Шанхая. (Эти сроки связаны с тем, что на автомобили нужно делать экспортные документы, перед выдачей клиенту) Сроки: если автомобиля в наличии у дилера нет. То плюс те сроки, которые фабрика возьмет на производство автомобиля. Задержки могут возникать из-за форсмажорных обстоятельств. Эпидемии, тайфуны, землетрясения, война, наводнения. Если такое случится, будем доказывать это из официальных источников. Обзор и тест-драйв - https://youtu.be/sl_TL8_epik","https://project--dbec8924-ca7b-41f6-b87a-9cd9693ce1a1.lovable.app/__l5e/assets-v1/264f802d-ed3f-4719-9241-86d6a3a9efac/catalog-car-052.jpg","",""
"Leapmotor","Leapmotor C11 гибрид (топ + допы)","Электромобиль или гибрид","От 228 000 ¥","CNY","Характеристики: Размеры 4745×1890×1635 Колесная база 2920 Колеса 245/45 R20 Мощность: задний привод - 270 л.с. Разгон до 100: - 8 сек Расход топлива 6л на 100км Батарея 43 kwh Дальность хода на чистой электротяге: 200км","Характеристики: Размеры 4745×1890×1635 Колесная база 2920 Колеса 245/45 R20 Мощность: задний привод - 270 л.с. Разгон до 100: - 8 сек Расход топлива 6л на 100км Батарея 43 kwh Дальность хода на чистой электротяге: 200км | Информация о покупке Основная цена указана в городе Гуанчжоу со всеми экспортными документами. Доставка в Туругарт + затаможка (Граница Китая и Кыргызстана) + 12 000 юаней (минимальный заказ от 1 автомобиля) Доставка в Хоргос + затаможка (граница Китая и Казахстана) + 10 500 юаней (минимальный заказ от 1 автомобиля) Доставка в порт Шанхая (со всеми экспортными документами) + 8 000 юаней (минимальный заказ от 1 автомобиля) Расчет возможен в юанях или долларах по курсу покупки юаня за доллар в Китае. Условия: между клиентом и нашей экспортной компанией контракт купли продажи. С этим контрактом идете в банк и оплачиваете международным переводом. Если автомобиль есть в наличии у дилера, мы работаем по 100% предоплате. Если автомобиля в наличии у дилера нет и нужно ждать пока фабрика его произведет, то сначала мы бронируем автомобиль на фабрике (это от 5000 до 20 000 юаней) и ждем пока фабрика его произведет. Затем контракт и 100% предоплата. Сроки: если автомобиль есть в наличии у дилера, мы берем 30 дней с момента покупки автомобиля до выдачи клиенту в Гуанчжоу. 40-50 дней до выдачи в Хоргосе. 40 дней до выдачи в порту Шанхая. (Эти сроки связаны с тем, что на автомобили нужно делать экспортные документы, перед выдачей клиенту) Сроки: если автомобиля в наличии у дилера нет. То плюс те сроки, которые фабрика возьмет на производство автомобиля. Задержки могут возникать из-за форсмажорных обстоятельств. Эпидемии, тайфуны, землетрясения, война, наводнения. Если такое случится, будем доказывать это из официальных источников. Тест-драйв и обзор на этот автомобиль","https://project--dbec8924-ca7b-41f6-b87a-9cd9693ce1a1.lovable.app/__l5e/assets-v1/fdff1db1-0d12-4f75-9066-a044bf70e1c2/catalog-car-053.png","",""
"Leopard","Leopard 3 электро в топе","Электромобиль или гибрид","От 228 000 ¥","CNY","Характеристики: Размеры 4605х1900 х 1930 Колесная база 2745 mm Батарея 78 kwh Дальность хода по циклу CLTC: 501 км Бак: 83л Мощность: Полный привод - 420 л.с. Разгон 0-100: 5.3 сек","Характеристики: Размеры 4605х1900 х 1930 Колесная база 2745 mm Батарея 78 kwh Дальность хода по циклу CLTC: 501 км Бак: 83л Мощность: Полный привод - 420 л.с. Разгон 0-100: 5.3 сек | Информация о покупке Основная цена указана в городе Гуанчжоу со всеми экспортными документами. Доставка в Туругарт + затаможка (Граница Китая и Кыргызстана) + 12 000 юаней (минимальный заказ от 1 автомобиля) Доставка в Хоргос + затаможка (граница Китая и Казахстана) + 10 500 юаней (минимальный заказ от 1 автомобиля) Доставка в порт Шанхая (со всеми экспортными документами) + 8 000 юаней (минимальный заказ от 1 автомобиля) Расчет возможен в юанях или долларах по курсу покупки юаня за доллар в Китае. Условия: между клиентом и нашей экспортной компанией контракт купли продажи. С этим контрактом идете в банк и оплачиваете международным переводом. Если автомобиль есть в наличии у дилера, мы работаем по 100% предоплате. Если автомобиля в наличии у дилера нет и нужно ждать пока фабрика его произведет, то сначала мы бронируем автомобиль на фабрике (это от 5000 до 20 000 юаней) и ждем пока фабрика его произведет. Затем контракт и 100% предоплата. Сроки: если автомобиль есть в наличии у дилера, мы берем 30 дней с момента покупки автомобиля до выдачи клиенту в Гуанчжоу. 40-50 дней до выдачи в Хоргосе. 40 дней до выдачи в порту Шанхая. (Эти сроки связаны с тем, что на автомобили нужно делать экспортные документы, перед выдачей клиенту) Сроки: если автомобиля в наличии у дилера нет. То плюс те сроки, которые фабрика возьмет на производство автомобиля. Задержки могут возникать из-за форсмажорных обстоятельств. Эпидемии, тайфуны, землетрясения, война, наводнения. Если такое случится, будем доказывать это из официальных источников.","https://project--dbec8924-ca7b-41f6-b87a-9cd9693ce1a1.lovable.app/__l5e/assets-v1/e3b21ec1-d930-48d2-ae7d-93769ed26e13/catalog-car-054.jpg","",""
"Leopard","Leopard 8 в топе","Электромобиль или гибрид","От 446 000 ¥","CNY","Характеристики: Размеры 5195 х1994 х 2002 Колесная база 2920 mm Колеса R21 Батарея 36 kwh ДВС 2.0T - 280 лс 2 электромотора 570 лс Общая мощность: полный привод - 748 л.с. Разгон 0-100: 4.8сек","Характеристики: Размеры 5195 х1994 х 2002 Колесная база 2920 mm Колеса R21 Батарея 36 kwh ДВС 2.0T - 280 лс 2 электромотора 570 лс Общая мощность: полный привод - 748 л.с. Разгон 0-100: 4.8сек | Информация о покупке Фаркоп + 4000 юаней / Коптер на крышу + 17 000 юаней Основная цена указана в городе Гуанчжоу со всеми экспортными документами. Доставка в Туругарт + затаможка (Граница Китая и Кыргызстана) + 12 000 юаней (минимальный заказ от 1 автомобиля) Доставка в Хоргос + затаможка (граница Китая и Казахстана) + 10 500 юаней (минимальный заказ от 1 автомобиля) Доставка в порт Шанхая (со всеми экспортными документами) + 8 000 юаней (минимальный заказ от 1 автомобиля) Расчет возможен в юанях или долларах по курсу покупки юаня за доллар в Китае. Условия: между клиентом и нашей экспортной компанией контракт купли продажи. С этим контрактом идете в банк и оплачиваете международным переводом. Если автомобиль есть в наличии у дилера, мы работаем по 100% предоплате. Если автомобиля в наличии у дилера нет и нужно ждать пока фабрика его произведет, то сначала мы бронируем автомобиль на фабрике (это от 5000 до 20 000 юаней) и ждем пока фабрика его произведет. Затем контракт и 100% предоплата. Сроки: если автомобиль есть в наличии у дилера, мы берем 30 дней с момента покупки автомобиля до выдачи клиенту в Гуанчжоу. 40-50 дней до выдачи в Хоргосе. 40 дней до выдачи в порту Шанхая. (Эти сроки связаны с тем, что на автомобили нужно делать экспортные документы, перед выдачей клиенту) Сроки: если автомобиля в наличии у дилера нет. То плюс те сроки, которые фабрика возьмет на производство автомобиля. Задержки могут возникать из-за форсмажорных обстоятельств. Эпидемии, тайфуны, землетрясения, война, наводнения. Если такое случится, будем доказывать это из официальных источников. Обзор и тест-драйв https://www.youtube.com/watch?v=DcJ7aZ3hKGs","https://project--dbec8924-ca7b-41f6-b87a-9cd9693ce1a1.lovable.app/__l5e/assets-v1/29ad1fd1-7d96-4606-9e50-839cf5c5ce58/catalog-car-055.jpg","",""
"Lixiang","Lixiang L6 max R20 (2025)","Электромобиль или гибрид","От 299 000 ¥","CNY","Характеристики: Размеры 4925 x 1960 x 1735 Колесная база 2920 mm Колеса 265/45 R20 Мощность: Полный привод - 405 л.с. Разгон до 100: 5.4 сек. Дальность хода по циклу CLTC: 225 км на чистой электротяге Батарея 35.6 kwh Бак: 60л Расход топилва 6л/100км Бренд: Lixiang L6 Категории: Авто","Характеристики: Размеры 4925 x 1960 x 1735 Колесная база 2920 mm Колеса 265/45 R20 Мощность: Полный привод - 405 л.с. Разгон до 100: 5.4 сек. Дальность хода по циклу CLTC: 225 км на чистой электротяге Батарея 35.6 kwh Бак: 60л Расход топилва 6л/100км Бренд: Lixiang L6 Категории: Авто | Информация о покупке Доплата за 21 колеса + 10 000 Основная цена указана в городе Гуанчжоу со всеми экспортными документами. Доставка в Туругарт + затаможка (Граница Китая и Кыргызстана) + 12 000 юаней (минимальный заказ от 1 автомобиля) Доставка в Хоргос + затаможка (граница Китая и Казахстана) + 10 500 юаней (минимальный заказ от 1 автомобиля) Доставка в порт Шанхая (со всеми экспортными документами) + 8 000 юаней (минимальный заказ от 1 автомобиля) Расчет возможен в юанях или долларах по курсу покупки юаня за доллар в Китае. Условия: между клиентом и нашей экспортной компанией контракт купли продажи. С этим контрактом идете в банк и оплачиваете международным переводом. Если автомобиль есть в наличии у дилера, мы работаем по 100% предоплате. Если автомобиля в наличии у дилера нет и нужно ждать пока фабрика его произведет, то сначала мы бронируем автомобиль на фабрике (это от 5000 до 20 000 юаней) и ждем пока фабрика его произведет. Затем контракт и 100% предоплата. Сроки: если автомобиль есть в наличии у дилера, мы берем 30 дней с момента покупки автомобиля до выдачи клиенту в Гуанчжоу. 40-50 дней до выдачи в Хоргосе. 40 дней до выдачи в порту Шанхая. (Эти сроки связаны с тем, что на автомобили нужно делать экспортные документы, перед выдачей клиенту) Сроки: если автомобиля в наличии у дилера нет. То плюс те сроки, которые фабрика возьмет на производство автомобиля. Задержки могут возникать из-за форсмажорных обстоятельств. Эпидемии, тайфуны, землетрясения, война, наводнения. Если такое случится, будем доказывать это из официальных источников. Тест-драйв и обзор на этот автомобиль","https://project--dbec8924-ca7b-41f6-b87a-9cd9693ce1a1.lovable.app/__l5e/assets-v1/435be537-ef29-40fa-9ffe-3ac48ff55e1c/catalog-car-056.jpg","",""
"Lixiang","Lixiang L6 pro R20 (2025)","Электромобиль или гибрид","От 274 000 ¥","CNY","Характеристики: Размеры 4925 x 1960 x 1735 Колесная база 2920 mm Колеса 265/45 R20 Мощность: Полный привод - 405 л.с. Разгон до 100: 5.4 сек. Дальность хода по циклу CLTC: 225 км на чистой электротяге Батарея 35.6 kwh Бак: 60л Расход топилва 6л/100км Бренд: Lixiang L6 Категории: Авто","Характеристики: Размеры 4925 x 1960 x 1735 Колесная база 2920 mm Колеса 265/45 R20 Мощность: Полный привод - 405 л.с. Разгон до 100: 5.4 сек. Дальность хода по циклу CLTC: 225 км на чистой электротяге Батарея 35.6 kwh Бак: 60л Расход топилва 6л/100км Бренд: Lixiang L6 Категории: Авто | Информация о покупке Доплата за 21 колеса + 10 000 Основная цена указана в городе Гуанчжоу со всеми экспортными документами. Доставка в Туругарт + затаможка (Граница Китая и Кыргызстана) + 12 000 юаней (минимальный заказ от 1 автомобиля) Доставка в Хоргос + затаможка (граница Китая и Казахстана) + 10 500 юаней (минимальный заказ от 1 автомобиля) Доставка в порт Шанхая (со всеми экспортными документами) + 8 000 юаней (минимальный заказ от 1 автомобиля) Расчет возможен в юанях или долларах по курсу покупки юаня за доллар в Китае. Условия: между клиентом и нашей экспортной компанией контракт купли продажи. С этим контрактом идете в банк и оплачиваете международным переводом. Если автомобиль есть в наличии у дилера, мы работаем по 100% предоплате. Если автомобиля в наличии у дилера нет и нужно ждать пока фабрика его произведет, то сначала мы бронируем автомобиль на фабрике (это от 5000 до 20 000 юаней) и ждем пока фабрика его произведет. Затем контракт и 100% предоплата. Сроки: если автомобиль есть в наличии у дилера, мы берем 30 дней с момента покупки автомобиля до выдачи клиенту в Гуанчжоу. 40-50 дней до выдачи в Хоргосе. 40 дней до выдачи в порту Шанхая. (Эти сроки связаны с тем, что на автомобили нужно делать экспортные документы, перед выдачей клиенту) Сроки: если автомобиля в наличии у дилера нет. То плюс те сроки, которые фабрика возьмет на производство автомобиля. Задержки могут возникать из-за форсмажорных обстоятельств. Эпидемии, тайфуны, землетрясения, война, наводнения. Если такое случится, будем доказывать это из официальных источников. Тест-драйв и обзор на этот автомобиль","https://project--dbec8924-ca7b-41f6-b87a-9cd9693ce1a1.lovable.app/__l5e/assets-v1/7f6cd283-2927-4da0-b0c9-70d1fe68e425/catalog-car-057.jpg","",""
"Lixiang","Lixiang L7 Ultra (2025)","Электромобиль или гибрид","От 394 000 ¥","CNY","Характеристики: Размеры 5050 x 1995 x 1750 Колесная база 3005 mm Колеса 265/45 R21 Мощность: Полный привод - 450 л.с. Разгон до 100: 5.5 сек. Дальность хода по циклу CLTC: 280 км на чистой электротяге Батарея 52.8 kwh Бак: 65л Расход топилва 6л/100км Бренд: Lixiang L7 Категории: Авто","Характеристики: Размеры 5050 x 1995 x 1750 Колесная база 3005 mm Колеса 265/45 R21 Мощность: Полный привод - 450 л.с. Разгон до 100: 5.5 сек. Дальность хода по циклу CLTC: 280 км на чистой электротяге Батарея 52.8 kwh Бак: 65л Расход топилва 6л/100км Бренд: Lixiang L7 Категории: Авто | Информация о покупке Основная цена указана в городе Гуанчжоу со всеми экспортными документами. Доставка в Туругарт + затаможка (Граница Китая и Кыргызстана) + 12 000 юаней (минимальный заказ от 1 автомобиля) Доставка в Хоргос + затаможка (граница Китая и Казахстана) + 10 500 юаней (минимальный заказ от 1 автомобиля) Доставка в порт Шанхая (со всеми экспортными документами) + 8 000 юаней (минимальный заказ от 1 автомобиля) Расчет возможен в юанях или долларах по курсу покупки юаня за доллар в Китае. Условия: между клиентом и нашей экспортной компанией контракт купли продажи. С этим контрактом идете в банк и оплачиваете международным переводом. Если автомобиль есть в наличии у дилера, мы работаем по 100% предоплате. Если автомобиля в наличии у дилера нет и нужно ждать пока фабрика его произведет, то сначала мы бронируем автомобиль на фабрике (это от 5000 до 20 000 юаней) и ждем пока фабрика его произведет. Затем контракт и 100% предоплата. Сроки: если автомобиль есть в наличии у дилера, мы берем 30 дней с момента покупки автомобиля до выдачи клиенту в Гуанчжоу. 40-50 дней до выдачи в Хоргосе. 40 дней до выдачи в порту Шанхая. (Эти сроки связаны с тем, что на автомобили нужно делать экспортные документы, перед выдачей клиенту) Сроки: если автомобиля в наличии у дилера нет. То плюс те сроки, которые фабрика возьмет на производство автомобиля. Задержки могут возникать из-за форсмажорных обстоятельств. Эпидемии, тайфуны, землетрясения, война, наводнения. Если такое случится, будем доказывать это из официальных источников. Тест-драйв и обзор на этот автомобиль https://www.youtube.com/watch?v=4C1QFlWHGpk&t=74s","https://project--dbec8924-ca7b-41f6-b87a-9cd9693ce1a1.lovable.app/__l5e/assets-v1/14fd5c3c-8fd3-4487-bba8-95e3549e63e5/catalog-car-058.jpg","","https://www.youtube.com/watch?v=4C1QFlWHGpk&t=74s"
"Lixiang","Lixiang L7 max (2025)","Электромобиль или гибрид","От 358 000 ¥","CNY","Характеристики: Размеры 5050 x 1995 x 1750 Колесная база 3005 mm Колеса 265/45 R20 Мощность: Полный привод - 450 л.с. Разгон до 100: 5.5 сек. Дальность хода по циклу CLTC: 215 км на чистой электротяге Батарея 52.8 kwh Бак: 65л Расход топилва 6л/100км Бренд: Lixiang L7 Категории: Авто","Характеристики: Размеры 5050 x 1995 x 1750 Колесная база 3005 mm Колеса 265/45 R20 Мощность: Полный привод - 450 л.с. Разгон до 100: 5.5 сек. Дальность хода по циклу CLTC: 215 км на чистой электротяге Батарея 52.8 kwh Бак: 65л Расход топилва 6л/100км Бренд: Lixiang L7 Категории: Авто | Информация о покупке Основная цена указана в городе Гуанчжоу со всеми экспортными документами. Доставка в Туругарт + затаможка (Граница Китая и Кыргызстана) + 12 000 юаней (минимальный заказ от 1 автомобиля) Доставка в Хоргос + затаможка (граница Китая и Казахстана) + 10 500 юаней (минимальный заказ от 1 автомобиля) Доставка в порт Шанхая (со всеми экспортными документами) + 8 000 юаней (минимальный заказ от 1 автомобиля) Расчет возможен в юанях или долларах по курсу покупки юаня за доллар в Китае. Условия: между клиентом и нашей экспортной компанией контракт купли продажи. С этим контрактом идете в банк и оплачиваете международным переводом. Если автомобиль есть в наличии у дилера, мы работаем по 100% предоплате. Если автомобиля в наличии у дилера нет и нужно ждать пока фабрика его произведет, то сначала мы бронируем автомобиль на фабрике (это от 5000 до 20 000 юаней) и ждем пока фабрика его произведет. Затем контракт и 100% предоплата. Сроки: если автомобиль есть в наличии у дилера, мы берем 30 дней с момента покупки автомобиля до выдачи клиенту в Гуанчжоу. 40-50 дней до выдачи в Хоргосе. 40 дней до выдачи в порту Шанхая. (Эти сроки связаны с тем, что на автомобили нужно делать экспортные документы, перед выдачей клиенту) Сроки: если автомобиля в наличии у дилера нет. То плюс те сроки, которые фабрика возьмет на производство автомобиля. Задержки могут возникать из-за форсмажорных обстоятельств. Эпидемии, тайфуны, землетрясения, война, наводнения. Если такое случится, будем доказывать это из официальных источников. Тест-драйв и обзор на этот автомобиль https://www.youtube.com/watch?v=4C1QFlWHGpk&t=74s","https://project--dbec8924-ca7b-41f6-b87a-9cd9693ce1a1.lovable.app/__l5e/assets-v1/e6b26ef4-ad9c-4cae-bae6-34bf451dd8b5/catalog-car-059.jpg","","https://www.youtube.com/watch?v=4C1QFlWHGpk&t=74s"
"Lixiang","Lixiang L7 pro (2025)","Электромобиль или гибрид","От 327 000 ¥","CNY","Характеристики: Размеры 5050 x 1995 x 1750 Колесная база 3005 mm Колеса 265/45 R21 Мощность: Полный привод - 450 л.с. Разгон до 100: 5.5 сек. Дальность хода по циклу CLTC: 280 км на чистой электротяге Батарея 52.8 kwh Бак: 65л Расход топилва 6л/100км Бренд: Lixiang L7 Категории: Авто","Характеристики: Размеры 5050 x 1995 x 1750 Колесная база 3005 mm Колеса 265/45 R21 Мощность: Полный привод - 450 л.с. Разгон до 100: 5.5 сек. Дальность хода по циклу CLTC: 280 км на чистой электротяге Батарея 52.8 kwh Бак: 65л Расход топилва 6л/100км Бренд: Lixiang L7 Категории: Авто | Информация о покупке Основная цена указана в городе Гуанчжоу со всеми экспортными документами. Доставка в Туругарт + затаможка (Граница Китая и Кыргызстана) + 12 000 юаней (минимальный заказ от 1 автомобиля) Доставка в Хоргос + затаможка (граница Китая и Казахстана) + 10 500 юаней (минимальный заказ от 1 автомобиля) Доставка в порт Шанхая (со всеми экспортными документами) + 8 000 юаней (минимальный заказ от 1 автомобиля) Расчет возможен в юанях или долларах по курсу покупки юаня за доллар в Китае. Условия: между клиентом и нашей экспортной компанией контракт купли продажи. С этим контрактом идете в банк и оплачиваете международным переводом. Если автомобиль есть в наличии у дилера, мы работаем по 100% предоплате. Если автомобиля в наличии у дилера нет и нужно ждать пока фабрика его произведет, то сначала мы бронируем автомобиль на фабрике (это от 5000 до 20 000 юаней) и ждем пока фабрика его произведет. Затем контракт и 100% предоплата. Сроки: если автомобиль есть в наличии у дилера, мы берем 30 дней с момента покупки автомобиля до выдачи клиенту в Гуанчжоу. 40-50 дней до выдачи в Хоргосе. 40 дней до выдачи в порту Шанхая. (Эти сроки связаны с тем, что на автомобили нужно делать экспортные документы, перед выдачей клиенту) Сроки: если автомобиля в наличии у дилера нет. То плюс те сроки, которые фабрика возьмет на производство автомобиля. Задержки могут возникать из-за форсмажорных обстоятельств. Эпидемии, тайфуны, землетрясения, война, наводнения. Если такое случится, будем доказывать это из официальных источников. Тест-драйв и обзор на этот автомобиль https://www.youtube.com/watch?v=4C1QFlWHGpk&t=74s","https://project--dbec8924-ca7b-41f6-b87a-9cd9693ce1a1.lovable.app/__l5e/assets-v1/c6f71570-cd9b-4a09-9d3a-9bf600e0f055/catalog-car-060.png","","https://www.youtube.com/watch?v=4C1QFlWHGpk&t=74s"
"Lixiang","Lixiang L8 ultra (2025)","Электромобиль или гибрид","От 417 000 ¥","CNY","Характеристики: Размеры 5010 x 1998 x 1800 Колесная база 3005 mm Колеса 265/45 R21 Мощность: Полный привод - 450 л.с. Разгон до 100: 5.5 сек. Дальность хода по циклу CLTC: 280 км на чистой электротяге Батарея 52.8 kwh Бак: 65л Расход топилва 6л/100км Бренд: Lixiang L8 Категории: Авто","Характеристики: Размеры 5010 x 1998 x 1800 Колесная база 3005 mm Колеса 265/45 R21 Мощность: Полный привод - 450 л.с. Разгон до 100: 5.5 сек. Дальность хода по циклу CLTC: 280 км на чистой электротяге Батарея 52.8 kwh Бак: 65л Расход топилва 6л/100км Бренд: Lixiang L8 Категории: Авто | Информация о покупке Основная цена указана в городе Гуанчжоу со всеми экспортными документами. Доставка в Туругарт + затаможка (Граница Китая и Кыргызстана) + 12 000 юаней (минимальный заказ от 1 автомобиля) Доставка в Хоргос + затаможка (граница Китая и Казахстана) + 10 500 юаней (минимальный заказ от 1 автомобиля) Доставка в порт Шанхая (со всеми экспортными документами) + 8 000 юаней (минимальный заказ от 1 автомобиля) Расчет возможен в юанях или долларах по курсу покупки юаня за доллар в Китае. Условия: между клиентом и нашей экспортной компанией контракт купли продажи. С этим контрактом идете в банк и оплачиваете международным переводом. Если автомобиль есть в наличии у дилера, мы работаем по 100% предоплате. Если автомобиля в наличии у дилера нет и нужно ждать пока фабрика его произведет, то сначала мы бронируем автомобиль на фабрике (это от 5000 до 20 000 юаней) и ждем пока фабрика его произведет. Затем контракт и 100% предоплата. Сроки: если автомобиль есть в наличии у дилера, мы берем 30 дней с момента покупки автомобиля до выдачи клиенту в Гуанчжоу. 40-50 дней до выдачи в Хоргосе. 40 дней до выдачи в порту Шанхая. (Эти сроки связаны с тем, что на автомобили нужно делать экспортные документы, перед выдачей клиенту) Сроки: если автомобиля в наличии у дилера нет. То плюс те сроки, которые фабрика возьмет на производство автомобиля. Задержки могут возникать из-за форсмажорных обстоятельств. Эпидемии, тайфуны, землетрясения, война, наводнения. Если такое случится, будем доказывать это из официальных источников. Тест-драйв и обзор на этот автомобиль https://youtu.be/9YohBDSEYRM","https://project--dbec8924-ca7b-41f6-b87a-9cd9693ce1a1.lovable.app/__l5e/assets-v1/925c7f5b-ea04-46bd-85df-80952ec90d27/catalog-car-061.jpg","","https://youtu.be/9YohBDSEYRM"
"Lixiang","Lixiang L9 Ultra (2025)","Электромобиль или гибрид","От 475 000 ¥","CNY","Характеристики: Характеристики: Размеры 5218 x 1998 x 1800 Колесная база 3105 mm Колеса 265/45 R21 Мощность: Полный привод - 450 л.с. Разгон до 100: 5.3 сек. Дальность хода по циклу CLTC: 285 км на чистой электротяге Батарея 52 kwh Бак: 65л Расход топилва 8/100км Бренд: Lixiang L9 Категории: Авто","Характеристики: Характеристики: Размеры 5218 x 1998 x 1800 Колесная база 3105 mm Колеса 265/45 R21 Мощность: Полный привод - 450 л.с. Разгон до 100: 5.3 сек. Дальность хода по циклу CLTC: 285 км на чистой электротяге Батарея 52 kwh Бак: 65л Расход топилва 8/100км Бренд: Lixiang L9 Категории: Авто | Информация о покупке Основная цена указана в городе Гуанчжоу со всеми экспортными документами. Доставка в Туругарт + затаможка (Граница Китая и Кыргызстана) + 12 000 юаней (минимальный заказ от 1 автомобиля) Доставка в Хоргос + затаможка (граница Китая и Казахстана) + 10 500 юаней (минимальный заказ от 1 автомобиля) Доставка в порт Шанхая (со всеми экспортными документами) + 8 000 юаней (минимальный заказ от 1 автомобиля) Расчет возможен в юанях или долларах по курсу покупки юаня за доллар в Китае. Условия: между клиентом и нашей экспортной компанией контракт купли продажи. С этим контрактом идете в банк и оплачиваете международным переводом. Если автомобиль есть в наличии у дилера, мы работаем по 100% предоплате. Если автомобиля в наличии у дилера нет и нужно ждать пока фабрика его произведет, то сначала мы бронируем автомобиль на фабрике (это от 5000 до 20 000 юаней) и ждем пока фабрика его произведет. Затем контракт и 100% предоплата. Сроки: если автомобиль есть в наличии у дилера, мы берем 30 дней с момента покупки автомобиля до выдачи клиенту в Гуанчжоу. 40-50 дней до выдачи в Хоргосе. 40 дней до выдачи в порту Шанхая. (Эти сроки связаны с тем, что на автомобили нужно делать экспортные документы, перед выдачей клиенту) Сроки: если автомобиля в наличии у дилера нет. То плюс те сроки, которые фабрика возьмет на производство автомобиля. Задержки могут возникать из-за форсмажорных обстоятельств. Эпидемии, тайфуны, землетрясения, война, наводнения. Если такое случится, будем доказывать это из официальных источников. Тест-драйв и обзор на этот автомобиль https://youtu.be/ZreMdczO8Fg","https://project--dbec8924-ca7b-41f6-b87a-9cd9693ce1a1.lovable.app/__l5e/assets-v1/244b06e6-20f4-4a9a-85c3-2e1506d487dd/catalog-car-062.jpg","","https://youtu.be/ZreMdczO8Fg"
"Lixiang","Lixiang i8","Электромобиль или гибрид","От 366 000 ¥","CNY","Характеристики: Размеры 5085 x 1960 x 1740 Колесная база 3050 mm Колеса R21 Батарея 97 kwh Полный привод - 536 л.с. Разгон 0-100: 4.5 сек. Макс скорость 180 км/ч Дальность хода по циклу СLTC: 720 км","Характеристики: Размеры 5085 x 1960 x 1740 Колесная база 3050 mm Колеса R21 Батарея 97 kwh Полный привод - 536 л.с. Разгон 0-100: 4.5 сек. Макс скорость 180 км/ч Дальность хода по циклу СLTC: 720 км | Информация о покупке Доставка в порт Шанхая (со всеми экспортными документами) + 8 000 юаней (минимальный заказ от 1 автомобиля) Расчет возможен в юанях или долларах по курсу покупки юаня за доллар в Китае. Условия: между клиентом и нашей экспортной компанией контракт купли продажи. С этим контрактом идете в банк и оплачиваете международным переводом. Если автомобиль есть в наличии у дилера, мы работаем по 100% предоплате. Если автомобиля в наличии у дилера нет и нужно ждать пока фабрика его произведет, то сначала мы бронируем автомобиль на фабрике (это от 5000 до 20 000 юаней) и ждем пока фабрика его произведет. Затем контракт и 100% предоплата. Сроки: если автомобиль есть в наличии у дилера, мы берем 10 дней с момента покупки автомобиля до выдачи клиенту в Гуанчжоу. 25-30 дней до выдачи в Хоргосе. 25 дней до выдачи в порту Шанхая. (Эти сроки связаны с тем, что на автомобили нужно делать экспортные документы, перед выдачей клиенту) Сроки: если автомобиля в наличии у дилера нет. То плюс те сроки, которые фабрика возьмет на производство автомобиля. Задержки могут возникать из-за форсмажорных обстоятельств. Эпидемии, тайфуны, землетрясения, война, наводнения. Если такое случится, будем доказывать это из официальных источников. Обзор и тест-драйв https://youtu.be/XKpbmewtAho","https://project--dbec8924-ca7b-41f6-b87a-9cd9693ce1a1.lovable.app/__l5e/assets-v1/d250c6f8-27b5-4397-8aee-9d081024c939/catalog-car-063.jpg","",""
"Lotus","Lotus Eletre 600","Электромобиль или гибрид","От 611 000 ¥","CNY","Характеристики: Размеры 5013*2019*1636mm Колесная база 3019 mm Колеса 295/35 R23 Батарея 112 kwh Мощность: - 612 л.с. Разгон до 100: 4.5 сек. Максимальная скорость (км / ч): 265 Дальность хода по циклу NEDC: 560 км","Характеристики: Размеры 5013*2019*1636mm Колесная база 3019 mm Колеса 295/35 R23 Батарея 112 kwh Мощность: - 612 л.с. Разгон до 100: 4.5 сек. Максимальная скорость (км / ч): 265 Дальность хода по циклу NEDC: 560 км | Информация о покупке Основная цена указана в городе Гуанчжоу со всеми экспортными документами. Допы : диски R23 + 30 000 юаней / 4 местная версия + 30 000 юаней / анилиновая кожа + 20 000 юаней / руль алькантара + 3000 юаней / 23 спикера KEF + 35 000 юаней / фаркоп + 8800 юаней / 10 поршневые суппорта + 100 000 юаней / детали интерьера из карбона + 30 000 юаней Основная цена указана в городе Гуанчжоу со всеми экспортными документами. Доставка в Туругарт + затаможка (Граница Китая и Кыргызстана) + 12 000 юаней (минимальный заказ от 1 автомобиля) Доставка в Хоргос + затаможка (граница Китая и Казахстана) + 10 500 юаней (минимальный заказ от 1 автомобиля) Доставка в порт Шанхая (со всеми экспортными документами) + 8 000 юаней (минимальный заказ от 1 автомобиля) Расчет возможен в юанях или долларах по курсу покупки юаня за доллар в Китае. Условия: между клиентом и нашей экспортной компанией контракт купли продажи. С этим контрактом идете в банк и оплачиваете международным переводом. Если автомобиль есть в наличии у дилера, мы работаем по 100% предоплате. Если автомобиля в наличии у дилера нет и нужно ждать пока фабрика его произведет, то сначала мы бронируем автомобиль на фабрике (это от 5000 до 20 000 юаней) и ждем пока фабрика его произведет. Затем контракт и 100% предоплата. Сроки: если автомобиль есть в наличии у дилера, мы берем 30 дней с момента покупки автомобиля до выдачи клиенту в Гуанчжоу. 40-50 дней до выдачи в Хоргосе. 40 дней до выдачи в порту Шанхая. (Эти сроки связаны с тем, что на автомобили нужно делать экспортные документы, перед выдачей клиенту) Сроки: если автомобиля в наличии у дилера нет. То плюс те сроки, которые фабрика возьмет на производство автомобиля. Задержки могут возникать из-за форсмажорных обстоятельств. Эпидемии, тайфуны, землетрясения, война, наводнения. Если такое случится, будем доказывать это из официальных источников. Тест-драйв и обзор на автомобиль - https://youtu.be/eJTkFKKVdXQ","https://project--dbec8924-ca7b-41f6-b87a-9cd9693ce1a1.lovable.app/__l5e/assets-v1/bb3f4b26-c3a1-4a9c-b917-219b3ca05cb5/catalog-car-064.png","",""
"Lotus","Lotus Eletre 900","Электромобиль или гибрид","От 930 000 ¥","CNY","Характеристики: Размеры 5013*2019*1636mm Колесная база 3019 mm Колеса 295/35 R23 Батарея 112 kwh Мощность: Полный привод - 926 л.с. Разгон до 100: 2.9 сек. Максимальная скорость (км / ч): 265 Дальность хода по циклу NEDC: 560 км","Характеристики: Размеры 5013*2019*1636mm Колесная база 3019 mm Колеса 295/35 R23 Батарея 112 kwh Мощность: Полный привод - 926 л.с. Разгон до 100: 2.9 сек. Максимальная скорость (км / ч): 265 Дальность хода по циклу NEDC: 560 км | Информация о покупке Основная цена указана в городе Гуанчжоу со всеми экспортными документами. Допы : диски R23 + 30 000 юаней / 4 местная версия + 30 000 юаней / анилиновая кожа + 20 000 юаней / руль алькантара + 3000 юаней / 23 спикера KEF + 35 000 юаней / фаркоп + 8800 юаней / 10 поршневые суппорта + 100 000 юаней Доставка в Туругарт + затаможка (Граница Китая и Кыргызстана) + 12 000 юаней (минимальный заказ от 1 автомобиля) Доставка в Хоргос + затаможка (граница Китая и Казахстана) + 10 500 юаней (минимальный заказ от 1 автомобиля) Доставка в порт Шанхая (со всеми экспортными документами) + 8 000 юаней (минимальный заказ от 1 автомобиля) Расчет возможен в юанях или долларах по курсу покупки юаня за доллар в Китае. Условия: между клиентом и нашей экспортной компанией контракт купли продажи. С этим контрактом идете в банк и оплачиваете международным переводом. Если автомобиль есть в наличии у дилера, мы работаем по 100% предоплате. Если автомобиля в наличии у дилера нет и нужно ждать пока фабрика его произведет, то сначала мы бронируем автомобиль на фабрике (это от 5000 до 20 000 юаней) и ждем пока фабрика его произведет. Затем контракт и 100% предоплата. Сроки: если автомобиль есть в наличии у дилера, мы берем 30 дней с момента покупки автомобиля до выдачи клиенту в Гуанчжоу. 40-50 дней до выдачи в Хоргосе. 40 дней до выдачи в порту Шанхая. (Эти сроки связаны с тем, что на автомобили нужно делать экспортные документы, перед выдачей клиенту) Сроки: если автомобиля в наличии у дилера нет. То плюс те сроки, которые фабрика возьмет на производство автомобиля. Задержки могут возникать из-за форсмажорных обстоятельств. Эпидемии, тайфуны, землетрясения, война, наводнения. Если такое случится, будем доказывать это из официальных источников. Тест-драйв и обзор на автомобиль - https://youtu.be/eJTkFKKVdXQ","https://project--dbec8924-ca7b-41f6-b87a-9cd9693ce1a1.lovable.app/__l5e/assets-v1/89800bd3-d5c2-46f0-b3f3-b965278b1c5d/catalog-car-065.jpg","",""
"Lotus","Lotus Emeya 600","Электромобиль или гибрид","От 586 000 ¥","CNY","Характеристики: Размеры 5139*2002*1469mm Колесная база 3070 mm Колеса: R20 Батарея 102 kwh Мощность: - 668 л.с. Разгон до 100: 4.1 сек. Максимальная скорость (км / ч): 252 Дальность хода по циклу CLTC: 650 км","Характеристики: Размеры 5139*2002*1469mm Колесная база 3070 mm Колеса: R20 Батарея 102 kwh Мощность: - 668 л.с. Разгон до 100: 4.1 сек. Максимальная скорость (км / ч): 252 Дальность хода по циклу CLTC: 650 км | Информация о покупке Основная цена указана в городе Гуанчжоу со всеми экспортными документами. Доставка в Туругарт + затаможка (Граница Китая и Кыргызстана) + 12 000 юаней (минимальный заказ от 1 автомобиля) Доставка в Хоргос + затаможка (граница Китая и Казахстана) + 10 500 юаней (минимальный заказ от 1 автомобиля) Доставка в порт Шанхая (со всеми экспортными документами) + 8 000 юаней (минимальный заказ от 1 автомобиля) Расчет возможен в юанях или долларах по курсу покупки юаня за доллар в Китае. Условия: между клиентом и нашей экспортной компанией контракт купли продажи. С этим контрактом идете в банк и оплачиваете международным переводом. Если автомобиль есть в наличии у дилера, мы работаем по 100% предоплате. Если автомобиля в наличии у дилера нет и нужно ждать пока фабрика его произведет, то сначала мы бронируем автомобиль на фабрике (это от 5000 до 20 000 юаней) и ждем пока фабрика его произведет. Затем контракт и 100% предоплата. Сроки: если автомобиль есть в наличии у дилера, мы берем 30 дней с момента покупки автомобиля до выдачи клиенту в Гуанчжоу. 40-50 дней до выдачи в Хоргосе. 40 дней до выдачи в порту Шанхая. (Эти сроки связаны с тем, что на автомобили нужно делать экспортные документы, перед выдачей клиенту) Сроки: если автомобиля в наличии у дилера нет. То плюс те сроки, которые фабрика возьмет на производство автомобиля. Задержки могут возникать из-за форсмажорных обстоятельств. Эпидемии, тайфуны, землетрясения, война, наводнения. Если такое случится, будем доказывать это из официальных источников. Тест-драйв и обзор на автомобиль https://youtu.be/gzWgRyuWERo","https://project--dbec8924-ca7b-41f6-b87a-9cd9693ce1a1.lovable.app/__l5e/assets-v1/65924342-9978-44f0-838f-c66b0719b513/catalog-car-066.jpg","",""
"Lotus","Lotus Emeya 900","Электромобиль или гибрид","От 918 000 ¥","CNY","Характеристики: Размеры 5139*2002*1469mm Колесная база 3070 mm Колеса: R21 Батарея 102 kwh Мощность: - 918л.с. Разгон до 100: 2.7 сек. Максимальная скорость (км / ч): 252 Дальность хода по циклу CLTC: 520 км","Характеристики: Размеры 5139*2002*1469mm Колесная база 3070 mm Колеса: R21 Батарея 102 kwh Мощность: - 918л.с. Разгон до 100: 2.7 сек. Максимальная скорость (км / ч): 252 Дальность хода по циклу CLTC: 520 км | Информация о покупке Основная цена указана в городе Гуанчжоу со всеми экспортными документами. Доставка в Туругарт + затаможка (Граница Китая и Кыргызстана) + 12 000 юаней (минимальный заказ от 1 автомобиля) Доставка в Хоргос + затаможка (граница Китая и Казахстана) + 10 500 юаней (минимальный заказ от 1 автомобиля) Доставка в порт Шанхая (со всеми экспортными документами) + 8 000 юаней (минимальный заказ от 1 автомобиля) Расчет возможен в юанях или долларах по курсу покупки юаня за доллар в Китае. Условия: между клиентом и нашей экспортной компанией контракт купли продажи. С этим контрактом идете в банк и оплачиваете международным переводом. Если автомобиль есть в наличии у дилера, мы работаем по 100% предоплате. Если автомобиля в наличии у дилера нет и нужно ждать пока фабрика его произведет, то сначала мы бронируем автомобиль на фабрике (это от 5000 до 20 000 юаней) и ждем пока фабрика его произведет. Затем контракт и 100% предоплата. Сроки: если автомобиль есть в наличии у дилера, мы берем 30 дней с момента покупки автомобиля до выдачи клиенту в Гуанчжоу. 40-50 дней до выдачи в Хоргосе. 40 дней до выдачи в порту Шанхая. (Эти сроки связаны с тем, что на автомобили нужно делать экспортные документы, перед выдачей клиенту) Сроки: если автомобиля в наличии у дилера нет. То плюс те сроки, которые фабрика возьмет на производство автомобиля. Задержки могут возникать из-за форсмажорных обстоятельств. Эпидемии, тайфуны, землетрясения, война, наводнения. Если такое случится, будем доказывать это из официальных источников. Тест-драйв и обзор на автомобиль https://youtu.be/gzWgRyuWERo","https://project--dbec8924-ca7b-41f6-b87a-9cd9693ce1a1.lovable.app/__l5e/assets-v1/0fbecda3-bef3-43ba-86f5-255a97ebec9d/catalog-car-067.jpg","",""
"LynkCo","LyncCo 08 Halo R21 (+все допы)","Электромобиль или гибрид","От 286 000 ¥","CNY","Характеристики: Размеры 4820 x 1915 x 1685 Колесная база 2848 mm Колеса R21 Мощность: Полный привод - 592 л.с. Дальность хода по циклу NEDC: 200 км на чистой электротяге Батарея 39.6 kwh Бак: 60л","Характеристики: Размеры 4820 x 1915 x 1685 Колесная база 2848 mm Колеса R21 Мощность: Полный привод - 592 л.с. Дальность хода по циклу NEDC: 200 км на чистой электротяге Батарея 39.6 kwh Бак: 60л | Информация о покупке Основная цена указана в городе Гуанчжоу со всеми экспортными документами. Доставка в Туругарт + затаможка (Граница Китая и Кыргызстана) + 12 000 юаней (минимальный заказ от 1 автомобиля) Доставка в Хоргос + затаможка (граница Китая и Казахстана) + 10 500 юаней (минимальный заказ от 1 автомобиля) Доставка в порт Шанхая (со всеми экспортными документами) + 8 000 юаней (минимальный заказ от 1 автомобиля) Расчет возможен в юанях или долларах по курсу покупки юаня за доллар в Китае. Условия: между клиентом и нашей экспортной компанией контракт купли продажи. С этим контрактом идете в банк и оплачиваете международным переводом. Если автомобиль есть в наличии у дилера, мы работаем по 100% предоплате. Если автомобиля в наличии у дилера нет и нужно ждать пока фабрика его произведет, то сначала мы бронируем автомобиль на фабрике (это от 5000 до 20 000 юаней) и ждем пока фабрика его произведет. Затем контракт и 100% предоплата. Сроки: если автомобиль есть в наличии у дилера, мы берем 30 дней с момента покупки автомобиля до выдачи клиенту в Гуанчжоу. 40-50 дней до выдачи в Хоргосе. 40 дней до выдачи в порту Шанхая. (Эти сроки связаны с тем, что на автомобили нужно делать экспортные документы, перед выдачей клиенту) Сроки: если автомобиля в наличии у дилера нет. То плюс те сроки, которые фабрика возьмет на производство автомобиля. Задержки могут возникать из-за форсмажорных обстоятельств. Эпидемии, тайфуны, землетрясения, война, наводнения. Если такое случится, будем доказывать это из официальных источников.","https://project--dbec8924-ca7b-41f6-b87a-9cd9693ce1a1.lovable.app/__l5e/assets-v1/c7a9def4-97b8-4fa4-b186-9d51315aeab0/catalog-car-068.jpg","",""
"LynkCo","LyncCo 09 EM-P (рестайл) гибрид (топовый)","Электромобиль или гибрид","От 379 000 ¥","CNY","Характеристики: Размеры 5042 x 1977 x 1780 Колесная база 2984 mm Колеса 275/45 R20 Мощность: Полный привод - 550 л.с. Разгон до 100: 4.9 сек. Дальность хода по циклу СLTC: 190 км на чистой электротяге Батарея 40 kwh Бак: 70л Расход топилва 6л/100км","Характеристики: Размеры 5042 x 1977 x 1780 Колесная база 2984 mm Колеса 275/45 R20 Мощность: Полный привод - 550 л.с. Разгон до 100: 4.9 сек. Дальность хода по циклу СLTC: 190 км на чистой электротяге Батарея 40 kwh Бак: 70л Расход топилва 6л/100км | Информация о покупке Основная цена указана в городе Гуанчжоу со всеми экспортными документами. Доставка в Туругарт + затаможка (Граница Китая и Кыргызстана) + 12 000 юаней (минимальный заказ от 1 автомобиля) Доставка в Хоргос + затаможка (граница Китая и Казахстана) + 10 500 юаней (минимальный заказ от 1 автомобиля) Доставка в порт Шанхая (со всеми экспортными документами) + 8 000 юаней (минимальный заказ от 1 автомобиля) Расчет возможен в юанях или долларах по курсу покупки юаня за доллар в Китае. Условия: между клиентом и нашей экспортной компанией контракт купли продажи. С этим контрактом идете в банк и оплачиваете международным переводом. Если автомобиль есть в наличии у дилера, мы работаем по 100% предоплате. Если автомобиля в наличии у дилера нет и нужно ждать пока фабрика его произведет, то сначала мы бронируем автомобиль на фабрике (это от 5000 до 20 000 юаней) и ждем пока фабрика его произведет. Затем контракт и 100% предоплата. Сроки: если автомобиль есть в наличии у дилера, мы берем 30 дней с момента покупки автомобиля до выдачи клиенту в Гуанчжоу. 40-50 дней до выдачи в Хоргосе. 40 дней до выдачи в порту Шанхая. (Эти сроки связаны с тем, что на автомобили нужно делать экспортные документы, перед выдачей клиенту) Сроки: если автомобиля в наличии у дилера нет. То плюс те сроки, которые фабрика возьмет на производство автомобиля. Задержки могут возникать из-за форсмажорных обстоятельств. Эпидемии, тайфуны, землетрясения, война, наводнения. Если такое случится, будем доказывать это из официальных источников. Тест-драйв и обзор на этот автомобиль https://www.youtube.com/watch?v=Z2ovye4K6vo","https://project--dbec8924-ca7b-41f6-b87a-9cd9693ce1a1.lovable.app/__l5e/assets-v1/0ce2b3fe-e9a5-41ed-ba88-329a4a100a00/catalog-car-069.jpg","","https://www.youtube.com/watch?v=Z2ovye4K6vo"
"LynkCo","LynkCo 900 топовый","Электромобиль или гибрид","От 482 000 ¥","CNY","Характеристики: Размеры 5240 x 1999 x 1810 Колесная база 3160 mm Колеса R21 ДВС 2.0T 250 лс 3 электромотора 620 лс Общая мощность 880 лс Разгон до 100: 4.3 сек. Батарея 52 kwh Категории: Авто","Характеристики: Размеры 5240 x 1999 x 1810 Колесная база 3160 mm Колеса R21 ДВС 2.0T 250 лс 3 электромотора 620 лс Общая мощность 880 лс Разгон до 100: 4.3 сек. Батарея 52 kwh Категории: Авто | Информация о покупке Фаркоп допом - 7000 юаней Основная цена указана в городе Гуанчжоу со всеми экспортными документами. Доставка в Туругарт + затаможка (Граница Китая и Кыргызстана) + 12 000 юаней (минимальный заказ от 1 автомобиля) Доставка в Хоргос + затаможка (граница Китая и Казахстана) + 10 500 юаней (минимальный заказ от 1 автомобиля) Доставка в порт Шанхая (со всеми экспортными документами) + 8 000 юаней (минимальный заказ от 1 автомобиля) Расчет возможен в юанях или долларах по курсу покупки юаня за доллар в Китае. Условия: между клиентом и нашей экспортной компанией контракт купли продажи. С этим контрактом идете в банк и оплачиваете международным переводом. Если автомобиль есть в наличии у дилера, мы работаем по 100% предоплате. Если автомобиля в наличии у дилера нет и нужно ждать пока фабрика его произведет, то сначала мы бронируем автомобиль на фабрике (это от 5000 до 20 000 юаней) и ждем пока фабрика его произведет. Затем контракт и 100% предоплата. Сроки: если автомобиль есть в наличии у дилера, мы берем 30 дней с момента покупки автомобиля до выдачи клиенту в Гуанчжоу. 40-50 дней до выдачи в Хоргосе. 40 дней до выдачи в порту Шанхая. (Эти сроки связаны с тем, что на автомобили нужно делать экспортные документы, перед выдачей клиенту) Тест-драйв https://www.youtube.com/watch?v=cMEfXhZqgSM","https://project--dbec8924-ca7b-41f6-b87a-9cd9693ce1a1.lovable.app/__l5e/assets-v1/12b8daed-e9db-43a3-b977-2b2d77a2c62f/catalog-car-070.jpg","",""
"M-Hero","M-Hero 917 гибрид (без допов)","Электромобиль или гибрид","От 682 000 ¥","CNY","Характеристики: Размеры 4987 x 2080 x 1935 Колесная база 2950 mm Колеса 275/65 R20 Мощность: полный привод - 800 л.с. Разгон до 100: 6 сек. Дальность хода по циклу CLTC: 200 км на чистой электротяге Батарея 65 kwh Бак: 82L Бренд: Mengshi M-HERO Категории: Авто","Характеристики: Размеры 4987 x 2080 x 1935 Колесная база 2950 mm Колеса 275/65 R20 Мощность: полный привод - 800 л.с. Разгон до 100: 6 сек. Дальность хода по циклу CLTC: 200 км на чистой электротяге Батарея 65 kwh Бак: 82L Бренд: Mengshi M-HERO Категории: Авто | Информация о покупке Допы: другой цвет + 10 000 юаней / красные суппорта + 3500 юаней / Колеса 295/60 R20 + 21500 юаней / потолок из замша + 10 000 юаней / рейлинги (100кг вес) + 21 800 юаней / Коптер + 98 000 юаней / автопороги + 13500 юаней / фаркоп + 7800 юаней / имитация звука + 6500 юаней / столики в спинках передних сидений + 3300 юаней Основная цена указана в городе Гуанчжоу со всеми экспортными документами. Доставка в Туругарт + затаможка (Граница Китая и Кыргызстана) + 12 000 юаней (минимальный заказ от 1 автомобиля) Доставка в Хоргос + затаможка (граница Китая и Казахстана) + 10 500 юаней (минимальный заказ от 1 автомобиля) Доставка в порт Шанхая (со всеми экспортными документами) + 8 000 юаней (минимальный заказ от 1 автомобиля) Расчет возможен в юанях или долларах по курсу покупки юаня за доллар в Китае. Условия: между клиентом и нашей экспортной компанией контракт купли продажи. С этим контрактом идете в банк и оплачиваете международным переводом. Если автомобиль есть в наличии у дилера, мы работаем по 100% предоплате. Если автомобиля в наличии у дилера нет и нужно ждать пока фабрика его произведет, то сначала мы бронируем автомобиль на фабрике (это от 5000 до 20 000 юаней) и ждем пока фабрика его произведет. Затем контракт и 100% предоплата. Сроки: если автомобиль есть в наличии у дилера, мы берем 30 дней с момента покупки автомобиля до выдачи клиенту в Гуанчжоу. 40-50 дней до выдачи в Хоргосе. 40 дней до выдачи в порту Шанхая. (Эти сроки связаны с тем, что на автомобили нужно делать экспортные документы, перед выдачей клиенту) Сроки: если автомобиля в наличии у дилера нет. То плюс те сроки, которые фабрика возьмет на производство автомобиля. Задержки могут возникать из-за форсмажорных обстоятельств. Эпидемии, тайфуны, землетрясения, война, наводнения. Если такое случится, будем доказывать это из официальных источников. Тест-драйв и обзор на этот автомобиль https://youtu.be/Tq4EQp9FSYA","https://project--dbec8924-ca7b-41f6-b87a-9cd9693ce1a1.lovable.app/__l5e/assets-v1/dce6f7ab-a055-4821-9956-3802e98558a0/catalog-car-071.png","","https://youtu.be/Tq4EQp9FSYA"
"M-Hero","M-Hero 917 электро (без допов)","Электромобиль или гибрид","От 751 000 ¥","CNY","Характеристики: Размеры 4987 x 2080 x 1935 Колесная база 2950 mm Колеса 275/65 R20 Мощность: полный привод - 1080 л.с. Разгон до 100: 4.3 сек. Дальность хода по циклу CLTC: 500 км на чистой электротяге Батарея 142 kwh Бренд: Mengshi M-HERO Категории: Авто","Характеристики: Размеры 4987 x 2080 x 1935 Колесная база 2950 mm Колеса 275/65 R20 Мощность: полный привод - 1080 л.с. Разгон до 100: 4.3 сек. Дальность хода по циклу CLTC: 500 км на чистой электротяге Батарея 142 kwh Бренд: Mengshi M-HERO Категории: Авто | Информация о покупке Допы: другой цвет + 10 000 юаней / красные суппорта + 3500 юаней / Колеса 295/60 R20 + 21500 юаней / потолок из замша + 10 000 юаней / рейлинги (100кг вес) + 21 800 юаней / Коптер + 98 000 юаней / автопороги + 13500 юаней / фаркоп + 7800 юаней / имитация звука + 6500 юаней / столики в спинках передних сидений + 3300 юаней Основная цена указана в городе Гуанчжоу со всеми экспортными документами. Доставка в Туругарт + затаможка (Граница Китая и Кыргызстана) + 12 000 юаней (минимальный заказ от 1 автомобиля) Доставка в Хоргос + затаможка (граница Китая и Казахстана) + 10 500 юаней (минимальный заказ от 1 автомобиля) Доставка в порт Шанхая (со всеми экспортными документами) + 8 000 юаней (минимальный заказ от 1 автомобиля) Расчет возможен в юанях или долларах по курсу покупки юаня за доллар в Китае. Условия: между клиентом и нашей экспортной компанией контракт купли продажи. С этим контрактом идете в банк и оплачиваете международным переводом. Если автомобиль есть в наличии у дилера, мы работаем по 100% предоплате. Если автомобиля в наличии у дилера нет и нужно ждать пока фабрика его произведет, то сначала мы бронируем автомобиль на фабрике (это от 5000 до 20 000 юаней) и ждем пока фабрика его произведет. Затем контракт и 100% предоплата. Сроки: если автомобиль есть в наличии у дилера, мы берем 30 дней с момента покупки автомобиля до выдачи клиенту в Гуанчжоу. 40-50 дней до выдачи в Хоргосе. 40 дней до выдачи в порту Шанхая. (Эти сроки связаны с тем, что на автомобили нужно делать экспортные документы, перед выдачей клиенту) Сроки: если автомобиля в наличии у дилера нет. То плюс те сроки, которые фабрика возьмет на производство автомобиля. Задержки могут возникать из-за форсмажорных обстоятельств. Эпидемии, тайфуны, землетрясения, война, наводнения. Если такое случится, будем доказывать это из официальных источников. Тест-драйв и обзор на этот автомобиль https://youtu.be/Tq4EQp9FSYA","https://project--dbec8924-ca7b-41f6-b87a-9cd9693ce1a1.lovable.app/__l5e/assets-v1/dbd4b36b-5c93-48a9-a1fa-218f2d11bfc3/catalog-car-072.png","","https://youtu.be/Tq4EQp9FSYA"
"MEGA","MEGA","Электромобиль или гибрид","От 578 000 ¥","CNY","Характеристики: Размеры 5350*2139*1850mm Колесная база 3300 mm Колеса 245/60 R18 Батарея 102 kwh Мощность: Полный привод - 540 л.с. Разгон до 100: 5.5 сек. Дальность хода по циклу CLTC: 715 км","Характеристики: Размеры 5350*2139*1850mm Колесная база 3300 mm Колеса 245/60 R18 Батарея 102 kwh Мощность: Полный привод - 540 л.с. Разгон до 100: 5.5 сек. Дальность хода по циклу CLTC: 715 км | Информация о покупке Основная цена указана в городе Гуанчжоу со всеми экспортными документами. Доставка в Туругарт + затаможка (Граница Китая и Кыргызстана) + 12 000 юаней (минимальный заказ от 1 автомобиля) Доставка в Хоргос + затаможка (граница Китая и Казахстана) + 10 500 юаней (минимальный заказ от 1 автомобиля) Доставка в порт Шанхая (со всеми экспортными документами) + 8 000 юаней (минимальный заказ от 1 автомобиля) Расчет возможен в юанях или долларах по курсу покупки юаня за доллар в Китае. Условия: между клиентом и нашей экспортной компанией контракт купли продажи. С этим контрактом идете в банк и оплачиваете международным переводом. Если автомобиль есть в наличии у дилера, мы работаем по 100% предоплате. Если автомобиля в наличии у дилера нет и нужно ждать пока фабрика его произведет, то сначала мы бронируем автомобиль на фабрике (это от 5000 до 20 000 юаней) и ждем пока фабрика его произведет. Затем контракт и 100% предоплата. Сроки: если автомобиль есть в наличии у дилера, мы берем 30 дней с момента покупки автомобиля до выдачи клиенту в Гуанчжоу. 40-50 дней до выдачи в Хоргосе. 40 дней до выдачи в порту Шанхая. (Эти сроки связаны с тем, что на автомобили нужно делать экспортные документы, перед выдачей клиенту) Сроки: если автомобиля в наличии у дилера нет. То плюс те сроки, которые фабрика возьмет на производство автомобиля. Задержки могут возникать из-за форсмажорных обстоятельств. Эпидемии, тайфуны, землетрясения, война, наводнения. Если такое случится, будем доказывать это из официальных источников. Обзор и тест драйв на автомобиль https://youtu.be/MbTaFACzX0o","https://project--dbec8924-ca7b-41f6-b87a-9cd9693ce1a1.lovable.app/__l5e/assets-v1/138cfccb-9273-42c8-bccc-19b901ff6fa1/catalog-car-073.jpg","",""
"Maextro","Maextro S800 гибрид (2 эл. мотора) 4 местн. без допов","Электромобиль или гибрид","От 932 000 ¥","CNY","Характеристики: Размеры 5480 x 2000 x 1536 Колёсная база 3370 mm. Гибрид: Батарея 62квтч Дальность 400км CLTC ДВС 1.5T - 170 лс 2 электромотора 560 лс Разгон 4.9 сек / 100","Характеристики: Размеры 5480 x 2000 x 1536 Колёсная база 3370 mm. Гибрид: Батарея 62квтч Дальность 400км CLTC ДВС 1.5T - 170 лс 2 электромотора 560 лс Разгон 4.9 сек / 100 | Информация о покупке 5 местн. версия гибрид с 2 эл моторами без допов - 719 000 юаней 4 местн. версия гибрид с 3 эл моторами (863 лс) без допов - 1 045 000 юаней 5 местн. версия гибрид с 3 эл моторами (863 лс) без допов - 804 000 юаней Основная цена указана в городе Гуанчжоу со всеми экспортными документами. Доставка в Туругарт + затаможка (Граница Китая и Кыргызстана) + 12 000 юаней Доставка в Хоргос + затаможка (граница Китая и Казахстана) + 10 500 юаней Доставка в порт Шанхая (со всеми экспортными документами) + 8 000 юаней Доставка в порт Шэньчженя + 3000 юаней Расчет возможен в юанях или долларах по курсу покупки юаня за доллар в Китае. Условия: между клиентом и нашей экспортной компанией контракт купли продажи. С этим контрактом идете в банк и оплачиваете международным переводом. Если автомобиль есть в наличии у дилера, мы работаем по 100% предоплате. Если автомобиля в наличии у дилера нет и нужно ждать пока фабрика его произведет, то сначала мы бронируем автомобиль на фабрике (это от 5000 до 20 000 юаней) и ждем пока фабрика его произведет. Затем контракт и 100% предоплата. Сроки: если автомобиль есть в наличии у дилера, мы берем 10 дней с момента покупки автомобиля до выдачи клиенту в Гуанчжоу. 25-30 дней до выдачи в Хоргосе. 25 дней до выдачи в порту Шанхая. (Эти сроки связаны с тем, что на автомобили нужно делать экспортные документы, перед выдачей клиенту) Обзор авто на нашем ютубе канале https://youtu.be/8iMwucF7ncc","https://project--dbec8924-ca7b-41f6-b87a-9cd9693ce1a1.lovable.app/__l5e/assets-v1/103f1c46-af98-4d48-9a01-62519539e030/catalog-car-074.jpg","",""
"BYD","BYD Song plus dm-i (гибрид) топ","Электромобиль или гибрид","От 200 000 ¥","CNY","Характеристики: Размеры 4705x1890x1680 Колесная база 2765 mm Колеса 235/50 R19 Мощность: Передний привод - 190 л.с. Разгон до 100: 8.5 сек. Дальность хода по циклу NEDC: 150km Батарея 26.8 kwh Бак: 60 литров Категории: Авто","Характеристики: Размеры 4705x1890x1680 Колесная база 2765 mm Колеса 235/50 R19 Мощность: Передний привод - 190 л.с. Разгон до 100: 8.5 сек. Дальность хода по циклу NEDC: 150km Батарея 26.8 kwh Бак: 60 литров Категории: Авто | Информация о покупке Основная цена указана в городе Гуанчжоу со всеми экспортными документами. Доставка в Туругарт + затаможка (Граница Китая и Кыргызстана) + 12 000 юаней (минимальный заказ от 1 автомобиля) Доставка в Хоргос + затаможка (граница Китая и Казахстана) + 10 500 юаней (минимальный заказ от 1 автомобиля) Доставка в порт Шанхая (со всеми экспортными документами) + 8 000 юаней (минимальный заказ от 1 автомобиля) Расчет возможен в юанях или долларах по курсу покупки юаня за доллар в Китае. Условия: между клиентом и нашей экспортной компанией контракт купли продажи. С этим контрактом идете в банк и оплачиваете международным переводом. Если автомобиль есть в наличии у дилера, мы работаем по 100% предоплате. Если автомобиля в наличии у дилера нет и нужно ждать пока фабрика его произведет, то сначала мы бронируем автомобиль на фабрике (это от 5000 до 20 000 юаней) и ждем пока фабрика его произведет. Затем контракт и 100% предоплата. Сроки: если автомобиль есть в наличии у дилера, мы берем 30 дней с момента покупки автомобиля до выдачи клиенту в Гуанчжоу. 40-50 дней до выдачи в Хоргосе. 40 дней до выдачи в порту Шанхая. (Эти сроки связаны с тем, что на автомобили нужно делать экспортные документы, перед выдачей клиенту) Сроки: если автомобиля в наличии у дилера нет. То плюс те сроки, которые фабрика возьмет на производство автомобиля. Задержки могут возникать из-за форсмажорных обстоятельств. Эпидемии, тайфуны, землетрясения, война, наводнения. Если такое случится, будем доказывать это из официальных источников. Тест-драйв и обзор на этот автомобиль https://www.youtube.com/watch?v=7-zXVRwWtb0&t=195s","https://project--dbec8924-ca7b-41f6-b87a-9cd9693ce1a1.lovable.app/__l5e/assets-v1/c8333ab8-3bdc-4d5d-aa96-07380706c9f4/catalog-car-075.png","","https://www.youtube.com/watch?v=7-zXVRwWtb0&t=195s"
"NIO","NIO EC7 (100kwh) R22 без допов","Электромобиль или гибрид","От 635 000 ¥","CNY","Характеристики: Размеры 4912*1987*1720 mm Колесная база 2960 mm Колеса 265/45 R21 Батарея 100 kwh Мощность: Полный привод - 650 л.с. Разгон до 100: 3.9 сек. Дальность хода по циклу NEDC: 600 км","Характеристики: Размеры 4912*1987*1720 mm Колесная база 2960 mm Колеса 265/45 R21 Батарея 100 kwh Мощность: Полный привод - 650 л.с. Разгон до 100: 3.9 сек. Дальность хода по циклу NEDC: 600 км | Информация о покупке Основная цена указана в городе Гуанчжоу со всеми экспортными документами. Доставка в Туругарт + затаможка (Граница Китая и Кыргызстана) + 12 000 юаней (минимальный заказ от 1 автомобиля) Доставка в Хоргос + затаможка (граница Китая и Казахстана) + 10 500 юаней (минимальный заказ от 1 автомобиля) Доставка в порт Шанхая (со всеми экспортными документами) + 8 000 юаней (минимальный заказ от 1 автомобиля) Расчет возможен в юанях или долларах по курсу покупки юаня за доллар в Китае. Условия: между клиентом и нашей экспортной компанией контракт купли продажи. С этим контрактом идете в банк и оплачиваете международным переводом. Если автомобиль есть в наличии у дилера, мы работаем по 100% предоплате. Если автомобиля в наличии у дилера нет и нужно ждать пока фабрика его произведет, то сначала мы бронируем автомобиль на фабрике (это от 5000 до 20 000 юаней) и ждем пока фабрика его произведет. Затем контракт и 100% предоплата. Сроки: если автомобиль есть в наличии у дилера, мы берем 30 дней с момента покупки автомобиля до выдачи клиенту в Гуанчжоу. 40-50 дней до выдачи в Хоргосе. 40 дней до выдачи в порту Шанхая. (Эти сроки связаны с тем, что на автомобили нужно делать экспортные документы, перед выдачей клиенту) Сроки: если автомобиля в наличии у дилера нет. То плюс те сроки, которые фабрика возьмет на производство автомобиля. Задержки могут возникать из-за форсмажорных обстоятельств. Эпидемии, тайфуны, землетрясения, война, наводнения. Если такое случится, будем доказывать это из официальных источников.","https://project--dbec8924-ca7b-41f6-b87a-9cd9693ce1a1.lovable.app/__l5e/assets-v1/7f8cfcc0-2be8-4428-8c8f-efb09c06e5a2/catalog-car-076.jpg","",""
"NIO","NIO ES8 (100kwh) R22 без допов","Электромобиль или гибрид","От 672 000 ¥","CNY","Характеристики: Размеры 5022*1962*1756mm Колесная база 3010 mm Колеса 275/45 R21 Батарея 100 kwh Мощность: Полный привод - 650 л.с. Разгон до 100: 4.1 сек. Тормоза: BREMBO Дальность хода по циклу NEDC: 580 км","Характеристики: Размеры 5022*1962*1756mm Колесная база 3010 mm Колеса 275/45 R21 Батарея 100 kwh Мощность: Полный привод - 650 л.с. Разгон до 100: 4.1 сек. Тормоза: BREMBO Дальность хода по циклу NEDC: 580 км | Информация о покупке Основная цена указана в городе Гуанчжоу со всеми экспортными документами. Доставка в Туругарт + затаможка (Граница Китая и Кыргызстана) + 12 000 юаней (минимальный заказ от 1 автомобиля) Доставка в Хоргос + затаможка (граница Китая и Казахстана) + 10 500 юаней (минимальный заказ от 1 автомобиля) Доставка в порт Шанхая (со всеми экспортными документами) + 8 000 юаней (минимальный заказ от 1 автомобиля) Расчет возможен в юанях или долларах по курсу покупки юаня за доллар в Китае. Условия: между клиентом и нашей экспортной компанией контракт купли продажи. С этим контрактом идете в банк и оплачиваете международным переводом. Если автомобиль есть в наличии у дилера, мы работаем по 100% предоплате. Если автомобиля в наличии у дилера нет и нужно ждать пока фабрика его произведет, то сначала мы бронируем автомобиль на фабрике (это от 5000 до 20 000 юаней) и ждем пока фабрика его произведет. Затем контракт и 100% предоплата. Сроки: если автомобиль есть в наличии у дилера, мы берем 30 дней с момента покупки автомобиля до выдачи клиенту в Гуанчжоу. 40-50 дней до выдачи в Хоргосе. 40 дней до выдачи в порту Шанхая. (Эти сроки связаны с тем, что на автомобили нужно делать экспортные документы, перед выдачей клиенту) Сроки: если автомобиля в наличии у дилера нет. То плюс те сроки, которые фабрика возьмет на производство автомобиля. Задержки могут возникать из-за форсмажорных обстоятельств. Эпидемии, тайфуны, землетрясения, война, наводнения. Если такое случится, будем доказывать это из официальных источников. Тест-драйв и обзор на этот автомобиль https://www.youtube.com/watch?v=oWheGf7-Emc&t=684s","https://project--dbec8924-ca7b-41f6-b87a-9cd9693ce1a1.lovable.app/__l5e/assets-v1/8911c483-f72e-471e-9494-50bb3db84c23/catalog-car-077.jpg","","https://www.youtube.com/watch?v=oWheGf7-Emc&t=684s"
"NIO","NIO ET7 (100kwh) R21 без допов","Электромобиль или гибрид","От 577 000 ¥","CNY","Характеристики: Размеры 5101*1987*1509mm Колесная база 3060 mm Колеса 255/40 R21 Батарея 100 kwh Мощность: Полный привод - 652 л.с. Разгон до 100: 3.9 сек. Дальность хода по циклу NEDC: 615 км","Характеристики: Размеры 5101*1987*1509mm Колесная база 3060 mm Колеса 255/40 R21 Батарея 100 kwh Мощность: Полный привод - 652 л.с. Разгон до 100: 3.9 сек. Дальность хода по циклу NEDC: 615 км | Информация о покупке Основная цена указана в городе Гуанчжоу со всеми экспортными документами. Доставка в Туругарт + затаможка (Граница Китая и Кыргызстана) + 12 000 юаней (минимальный заказ от 1 автомобиля) Доставка в Хоргос + затаможка (граница Китая и Казахстана) + 10 500 юаней (минимальный заказ от 1 автомобиля) Доставка в порт Шанхая (со всеми экспортными документами) + 8 000 юаней (минимальный заказ от 1 автомобиля) Расчет возможен в юанях или долларах по курсу покупки юаня за доллар в Китае. Условия: между клиентом и нашей экспортной компанией контракт купли продажи. С этим контрактом идете в банк и оплачиваете международным переводом. Если автомобиль есть в наличии у дилера, мы работаем по 100% предоплате. Если автомобиля в наличии у дилера нет и нужно ждать пока фабрика его произведет, то сначала мы бронируем автомобиль на фабрике (это от 5000 до 20 000 юаней) и ждем пока фабрика его произведет. Затем контракт и 100% предоплата. Сроки: если автомобиль есть в наличии у дилера, мы берем 30 дней с момента покупки автомобиля до выдачи клиенту в Гуанчжоу. 40-50 дней до выдачи в Хоргосе. 40 дней до выдачи в порту Шанхая. (Эти сроки связаны с тем, что на автомобили нужно делать экспортные документы, перед выдачей клиенту) Сроки: если автомобиля в наличии у дилера нет. То плюс те сроки, которые фабрика возьмет на производство автомобиля. Задержки могут возникать из-за форсмажорных обстоятельств. Эпидемии, тайфуны, землетрясения, война, наводнения. Если такое случится, будем доказывать это из официальных источников. Тест-драйв и обзор на этот автомобиль https://www.youtube.com/watch?v=cLgy4-Z8yBI&t=722s","https://project--dbec8924-ca7b-41f6-b87a-9cd9693ce1a1.lovable.app/__l5e/assets-v1/d0132add-6863-4892-b901-f4fc26a0a8a1/catalog-car-078.jpg","","https://www.youtube.com/watch?v=cLgy4-Z8yBI&t=722s"
"NIO","NIO ET9 топ + допы","Электромобиль или гибрид","От 918 000 ¥","CNY","Характеристики: Размеры 5325*2016*1620mm Колесная база 3250 mm Колеса 265/40 R23 Батарея 100 kwh Мощность: Полный привод - 700 л.с. Разгон 4.3 сек / 100 Дальность хода по циклу CLTC: 620 км","Характеристики: Размеры 5325*2016*1620mm Колесная база 3250 mm Колеса 265/40 R23 Батарея 100 kwh Мощность: Полный привод - 700 л.с. Разгон 4.3 сек / 100 Дальность хода по циклу CLTC: 620 км | Информация о покупке Основная цена указана в городе Гуанчжоу со всеми экспортными документами. Доставка в Туругарт + затаможка (Граница Китая и Кыргызстана) + 12 000 юаней (минимальный заказ от 1 автомобиля) Доставка в Хоргос + затаможка (граница Китая и Казахстана) + 10 500 юаней (минимальный заказ от 1 автомобиля) Доставка в порт Шанхая (со всеми экспортными документами) + 8 000 юаней (минимальный заказ от 1 автомобиля) Расчет возможен в юанях или долларах по курсу покупки юаня за доллар в Китае. Условия: между клиентом и нашей экспортной компанией контракт купли продажи. С этим контрактом идете в банк и оплачиваете международным переводом. Если автомобиль есть в наличии у дилера, мы работаем по 100% предоплате. Если автомобиля в наличии у дилера нет и нужно ждать пока фабрика его произведет, то сначала мы бронируем автомобиль на фабрике (это от 5000 до 20 000 юаней) и ждем пока фабрика его произведет. Затем контракт и 100% предоплата. Сроки: если автомобиль есть в наличии у дилера, мы берем 30 дней с момента покупки автомобиля до выдачи клиенту в Гуанчжоу. 40-50 дней до выдачи в Хоргосе. 40 дней до выдачи в порту Шанхая. (Эти сроки связаны с тем, что на автомобили нужно делать экспортные документы, перед выдачей клиенту) Сроки: если автомобиля в наличии у дилера нет. То плюс те сроки, которые фабрика возьмет на производство автомобиля. Задержки могут возникать из-за форсмажорных обстоятельств. Эпидемии, тайфуны, землетрясения, война, наводнения. Если такое случится, будем доказывать это из официальных источников. Тест-драйв и обзор на этот автомобиль https://www.youtube.com/watch?v=ONL3B5TPh44","https://project--dbec8924-ca7b-41f6-b87a-9cd9693ce1a1.lovable.app/__l5e/assets-v1/5251f4be-acbe-4711-86f1-c31836dd4f53/catalog-car-079.jpg","","https://www.youtube.com/watch?v=ONL3B5TPh44"
"Netta","Netta GT (топ)","Электромобиль или гибрид","От 261 000 ¥","CNY","Характеристики: Размеры 4715 x 1980 x 1415mm Колесная база 2770 mm Колеса 245/45 R19 Батарея 77.4 kwh Мощность: Полный привод - 450 л.с. Разгон до 100: 3.7 сек. Дальность хода по циклу NEDC: 650 км","Характеристики: Размеры 4715 x 1980 x 1415mm Колесная база 2770 mm Колеса 245/45 R19 Батарея 77.4 kwh Мощность: Полный привод - 450 л.с. Разгон до 100: 3.7 сек. Дальность хода по циклу NEDC: 650 км | Информация о покупке Основная цена указана в городе Гуанчжоу со всеми экспортными документами. Доставка в Туругарт + затаможка (Граница Китая и Кыргызстана) + 12 000 юаней (минимальный заказ от 1 автомобиля) Доставка в Хоргос + затаможка (граница Китая и Казахстана) + 10 500 юаней (минимальный заказ от 1 автомобиля) Доставка в порт Шанхая (со всеми экспортными документами) + 8 000 юаней (минимальный заказ от 1 автомобиля) Расчет возможен в юанях или долларах по курсу покупки юаня за доллар в Китае. Условия: между клиентом и нашей экспортной компанией контракт купли продажи. С этим контрактом идете в банк и оплачиваете международным переводом. Если автомобиль есть в наличии у дилера, мы работаем по 100% предоплате. Если автомобиля в наличии у дилера нет и нужно ждать пока фабрика его произведет, то сначала мы бронируем автомобиль на фабрике (это от 5000 до 20 000 юаней) и ждем пока фабрика его произведет. Затем контракт и 100% предоплата. Сроки: если автомобиль есть в наличии у дилера, мы берем 30 дней с момента покупки автомобиля до выдачи клиенту в Гуанчжоу. 40-50 дней до выдачи в Хоргосе. 40 дней до выдачи в порту Шанхая. (Эти сроки связаны с тем, что на автомобили нужно делать экспортные документы, перед выдачей клиенту) Сроки: если автомобиля в наличии у дилера нет. То плюс те сроки, которые фабрика возьмет на производство автомобиля. Задержки могут возникать из-за форсмажорных обстоятельств. Эпидемии, тайфуны, землетрясения, война, наводнения. Если такое случится, будем доказывать это из официальных источников.","https://project--dbec8924-ca7b-41f6-b87a-9cd9693ce1a1.lovable.app/__l5e/assets-v1/a5356992-ede5-476a-a6a1-9e86c0e7f956/catalog-car-080.jpg","",""
"Netta","Netta S (топ)","Электромобиль или гибрид","От 366 000 ¥","CNY","Характеристики: Размеры 4980 x 1980 x 1450mm Колесная база 2980 mm Колеса 245/45 R19 Батарея 85.4 kwh Мощность: Полный привод - 450 л.с. Разгон до 100: 3.9 сек. Дальность хода по циклу NEDC: 650 км","Характеристики: Размеры 4980 x 1980 x 1450mm Колесная база 2980 mm Колеса 245/45 R19 Батарея 85.4 kwh Мощность: Полный привод - 450 л.с. Разгон до 100: 3.9 сек. Дальность хода по циклу NEDC: 650 км | Информация о покупке Основная цена указана в городе Гуанчжоу со всеми экспортными документами. Доставка в Туругарт + затаможка (Граница Китая и Кыргызстана) + 12 000 юаней (минимальный заказ от 1 автомобиля) Доставка в Хоргос + затаможка (граница Китая и Казахстана) + 10 500 юаней (минимальный заказ от 1 автомобиля) Доставка в порт Шанхая (со всеми экспортными документами) + 8 000 юаней (минимальный заказ от 1 автомобиля) Расчет возможен в юанях или долларах по курсу покупки юаня за доллар в Китае. Условия: между клиентом и нашей экспортной компанией контракт купли продажи. С этим контрактом идете в банк и оплачиваете международным переводом. Если автомобиль есть в наличии у дилера, мы работаем по 100% предоплате. Если автомобиля в наличии у дилера нет и нужно ждать пока фабрика его произведет, то сначала мы бронируем автомобиль на фабрике (это от 5000 до 20 000 юаней) и ждем пока фабрика его произведет. Затем контракт и 100% предоплата. Сроки: если автомобиль есть в наличии у дилера, мы берем 30 дней с момента покупки автомобиля до выдачи клиенту в Гуанчжоу. 40-50 дней до выдачи в Хоргосе. 40 дней до выдачи в порту Шанхая. (Эти сроки связаны с тем, что на автомобили нужно делать экспортные документы, перед выдачей клиенту) Сроки: если автомобиля в наличии у дилера нет. То плюс те сроки, которые фабрика возьмет на производство автомобиля. Задержки могут возникать из-за форсмажорных обстоятельств. Эпидемии, тайфуны, землетрясения, война, наводнения. Если такое случится, будем доказывать это из официальных источников. Тест-драйв и обзор на этот автомобиль https://www.youtube.com/watch?v=k_CyvxNJp8E&t=110s","https://project--dbec8924-ca7b-41f6-b87a-9cd9693ce1a1.lovable.app/__l5e/assets-v1/e097667f-9844-4517-8578-d1fedcc34f99/catalog-car-081.jpg","","https://www.youtube.com/watch?v=k_CyvxNJp8E&t=110s"
"BYD","BYD Song plus ev ТОП 2025","Электромобиль или гибрид","От 200 000 ¥","CNY","Характеристики: Размеры 4705 x 1890 x 1680 Колесная база 2765 mm Колеса 235/50 R19 Мощность: Передний привод - 220 л.с. Разгон до 100: 7.5 сек. Дальность хода по циклу NEDC: 500km Батарея 87.8 kwh Категории: Авто","Характеристики: Размеры 4705 x 1890 x 1680 Колесная база 2765 mm Колеса 235/50 R19 Мощность: Передний привод - 220 л.с. Разгон до 100: 7.5 сек. Дальность хода по циклу NEDC: 500km Батарея 87.8 kwh Категории: Авто | Информация о покупке Основная цена указана в городе Гуанчжоу со всеми экспортными документами. Доставка в Туругарт + затаможка (Граница Китая и Кыргызстана) + 12 000 юаней (минимальный заказ от 1 автомобиля) Доставка в Хоргос + затаможка (граница Китая и Казахстана) + 10 500 юаней (минимальный заказ от 1 автомобиля) Доставка в порт Шанхая (со всеми экспортными документами) + 8 000 юаней (минимальный заказ от 1 автомобиля) Расчет возможен в юанях или долларах по курсу покупки юаня за доллар в Китае. Условия: между клиентом и нашей экспортной компанией контракт купли продажи. С этим контрактом идете в банк и оплачиваете международным переводом. Если автомобиль есть в наличии у дилера, мы работаем по 100% предоплате. Если автомобиля в наличии у дилера нет и нужно ждать пока фабрика его произведет, то сначала мы бронируем автомобиль на фабрике (это от 5000 до 20 000 юаней) и ждем пока фабрика его произведет. Затем контракт и 100% предоплата. Сроки: если автомобиль есть в наличии у дилера, мы берем 30 дней с момента покупки автомобиля до выдачи клиенту в Гуанчжоу. 40-50 дней до выдачи в Хоргосе. 40 дней до выдачи в порту Шанхая. (Эти сроки связаны с тем, что на автомобили нужно делать экспортные документы, перед выдачей клиенту) Сроки: если автомобиля в наличии у дилера нет. То плюс те сроки, которые фабрика возьмет на производство автомобиля. Задержки могут возникать из-за форсмажорных обстоятельств. Эпидемии, тайфуны, землетрясения, война, наводнения. Если такое случится, будем доказывать это из официальных источников. Тест-драйв и обзор на этот автомобиль https://www.youtube.com/watch?v=7-zXVRwWtb0&t=195s","https://project--dbec8924-ca7b-41f6-b87a-9cd9693ce1a1.lovable.app/__l5e/assets-v1/422522bb-6724-4d73-93a1-a7e60b0c001a/catalog-car-082.png","","https://www.youtube.com/watch?v=7-zXVRwWtb0&t=195s"
"Tesla","Tesla 3 2024 минималка","Электромобиль или гибрид","От 284 000 ¥","CNY","Характеристики: Размеры: 4694 x 1933 x 1443 Диски: R18 Разгон до 100: 6.1сек Батарея: WLTP 450km Цвет кузова: черный (любой другой +8000 юаней) Цвет Интерьера: черный (белый + 8000 юаней) Диски R19 (+6000 юаней)","Характеристики: Размеры: 4694 x 1933 x 1443 Диски: R18 Разгон до 100: 6.1сек Батарея: WLTP 450km Цвет кузова: черный (любой другой +8000 юаней) Цвет Интерьера: черный (белый + 8000 юаней) Диски R19 (+6000 юаней) | Информация о покупке Основная цена указана в городе Гуанчжоу со всеми экспортными документами. Доставка в Туругарт + затаможка (Граница Китая и Кыргызстана) + 12 000 юаней (минимальный заказ от 1 автомобиля) Доставка в Хоргос + затаможка (граница Китая и Казахстана) + 10 500 юаней (минимальный заказ от 1 автомобиля) Доставка в порт Шанхая (со всеми экспортными документами) + 8 000 юаней (минимальный заказ от 1 автомобиля) Расчет возможен в юанях или долларах по курсу покупки юаня за доллар в Китае. Условия: между клиентом и нашей экспортной компанией контракт купли продажи. С этим контрактом идете в банк и оплачиваете международным переводом. Если автомобиль есть в наличии у дилера, мы работаем по 100% предоплате. Если автомобиля в наличии у дилера нет и нужно ждать пока фабрика его произведет, то сначала мы бронируем автомобиль на фабрике (это от 5000 до 20 000 юаней) и ждем пока фабрика его произведет. Затем контракт и 100% предоплата. Сроки: если автомобиль есть в наличии у дилера, мы берем 30 дней с момента покупки автомобиля до выдачи клиенту в Гуанчжоу. 40-50 дней до выдачи в Хоргосе. 40 дней до выдачи в порту Шанхая. (Эти сроки связаны с тем, что на автомобили нужно делать экспортные документы, перед выдачей клиенту) Сроки: если автомобиля в наличии у дилера нет. То плюс те сроки, которые фабрика возьмет на производство автомобиля. Задержки могут возникать из-за форсмажорных обстоятельств. Эпидемии, тайфуны, землетрясения, война, наводнения. Если такое случится, будем доказывать это из официальных источников. Обзор и тест-драйв: https://www.youtube.com/watch?v=w1_D1_a3p9I","https://project--dbec8924-ca7b-41f6-b87a-9cd9693ce1a1.lovable.app/__l5e/assets-v1/e3e1037c-a473-4032-bf72-8753d199fbff/catalog-car-083.jpg","",""
"Tesla","Tesla 3 Long Range 2024","Электромобиль или гибрид","От 320 000 ¥","CNY","Характеристики: Размеры: 4694 x 1933 x 1443 Диски: R18 Разгон до 100: 4.4 сек Батарея: WLTP 550km Цвет кузова: черный (любой другой +8000 юаней) Цвет Интерьера: черный (белый + 8000 юаней) Диски R19 (+6000 юаней)","Характеристики: Размеры: 4694 x 1933 x 1443 Диски: R18 Разгон до 100: 4.4 сек Батарея: WLTP 550km Цвет кузова: черный (любой другой +8000 юаней) Цвет Интерьера: черный (белый + 8000 юаней) Диски R19 (+6000 юаней) | Информация о покупке Основная цена указана в городе Гуанчжоу со всеми экспортными документами. Доставка в Туругарт + затаможка (Граница Китая и Кыргызстана) + 12 000 юаней (минимальный заказ от 1 автомобиля) Доставка в Хоргос + затаможка (граница Китая и Казахстана) + 10 500 юаней (минимальный заказ от 1 автомобиля) Доставка в порт Шанхая (со всеми экспортными документами) + 8 000 юаней (минимальный заказ от 1 автомобиля) Расчет возможен в юанях или долларах по курсу покупки юаня за доллар в Китае. Условия: между клиентом и нашей экспортной компанией контракт купли продажи. С этим контрактом идете в банк и оплачиваете международным переводом. Если автомобиль есть в наличии у дилера, мы работаем по 100% предоплате. Если автомобиля в наличии у дилера нет и нужно ждать пока фабрика его произведет, то сначала мы бронируем автомобиль на фабрике (это от 5000 до 20 000 юаней) и ждем пока фабрика его произведет. Затем контракт и 100% предоплата. Сроки: если автомобиль есть в наличии у дилера, мы берем 30 дней с момента покупки автомобиля до выдачи клиенту в Гуанчжоу. 40-50 дней до выдачи в Хоргосе. 40 дней до выдачи в порту Шанхая. (Эти сроки связаны с тем, что на автомобили нужно делать экспортные документы, перед выдачей клиенту) Сроки: если автомобиля в наличии у дилера нет. То плюс те сроки, которые фабрика возьмет на производство автомобиля. Задержки могут возникать из-за форсмажорных обстоятельств. Эпидемии, тайфуны, землетрясения, война, наводнения. Если такое случится, будем доказывать это из официальных источников. Обзор и тест-драйв: https://www.youtube.com/watch?v=w1_D1_a3p9I","https://project--dbec8924-ca7b-41f6-b87a-9cd9693ce1a1.lovable.app/__l5e/assets-v1/464a57bb-46eb-4702-b2f9-b92da7254ae0/catalog-car-084.jpg","",""
"Nio","Nio ES6 (100kwh) R21 (без допов)","Электромобиль или гибрид","От 455 000 ¥","CNY","Характеристики: Размеры 4850*1996*1701mm Колесная база 2900 mm Колеса 265/40 R21 Тормоза brembo Батарея 100 kwh Мощность: Полный привод - 520 л.с. Разгон до 100: 4.5 сек. Максимальная скорость (км / ч): 230 Дальность хода по циклу NEDC: 600 км","Характеристики: Размеры 4850*1996*1701mm Колесная база 2900 mm Колеса 265/40 R21 Тормоза brembo Батарея 100 kwh Мощность: Полный привод - 520 л.с. Разгон до 100: 4.5 сек. Максимальная скорость (км / ч): 230 Дальность хода по циклу NEDC: 600 км | Информация о покупке Основная цена указана в городе Гуанчжоу со всеми экспортными документами. Доставка в Туругарт + затаможка (Граница Китая и Кыргызстана) + 12 000 юаней (минимальный заказ от 1 автомобиля) Доставка в Хоргос + затаможка (граница Китая и Казахстана) + 10 500 юаней (минимальный заказ от 1 автомобиля) Доставка в порт Шанхая (со всеми экспортными документами) + 8 000 юаней (минимальный заказ от 1 автомобиля) Расчет возможен в юанях или долларах по курсу покупки юаня за доллар в Китае. Условия: между клиентом и нашей экспортной компанией контракт купли продажи. С этим контрактом идете в банк и оплачиваете международным переводом. Если автомобиль есть в наличии у дилера, мы работаем по 100% предоплате. Если автомобиля в наличии у дилера нет и нужно ждать пока фабрика его произведет, то сначала мы бронируем автомобиль на фабрике (это от 5000 до 20 000 юаней) и ждем пока фабрика его произведет. Затем контракт и 100% предоплата. Сроки: если автомобиль есть в наличии у дилера, мы берем 30 дней с момента покупки автомобиля до выдачи клиенту в Гуанчжоу. 40-50 дней до выдачи в Хоргосе. 40 дней до выдачи в порту Шанхая. (Эти сроки связаны с тем, что на автомобили нужно делать экспортные документы, перед выдачей клиенту) Сроки: если автомобиля в наличии у дилера нет. То плюс те сроки, которые фабрика возьмет на производство автомобиля. Задержки могут возникать из-за форсмажорных обстоятельств. Эпидемии, тайфуны, землетрясения, война, наводнения. Если такое случится, будем доказывать это из официальных источников. Обзор и тест драйв на автомобиль https://www.youtube.com/watch?v=cEj_DxOKjgA&t=2s","https://project--dbec8924-ca7b-41f6-b87a-9cd9693ce1a1.lovable.app/__l5e/assets-v1/7965a912-ff12-41f0-a880-b9f2cc615dbe/catalog-car-085.png","",""
"Nio","Nio ES7 (100kwh) R21 без допов","Электромобиль или гибрид","От 587 000 ¥","CNY","Характеристики: Размеры 4912*1987*1720 mm Колесная база 2960 mm Колеса 265/45 R21 Батарея 100 kwh Мощность: Полный привод - 650 л.с. Разгон до 100: 3.9 сек. Дальность хода по циклу NEDC: 600 км","Характеристики: Размеры 4912*1987*1720 mm Колесная база 2960 mm Колеса 265/45 R21 Батарея 100 kwh Мощность: Полный привод - 650 л.с. Разгон до 100: 3.9 сек. Дальность хода по циклу NEDC: 600 км | Информация о покупке Основная цена указана в городе Гуанчжоу со всеми экспортными документами. Доставка в Туругарт + затаможка (Граница Китая и Кыргызстана) + 12 000 юаней (минимальный заказ от 1 автомобиля) Доставка в Хоргос + затаможка (граница Китая и Казахстана) + 10 500 юаней (минимальный заказ от 1 автомобиля) Доставка в порт Шанхая (со всеми экспортными документами) + 8 000 юаней (минимальный заказ от 1 автомобиля) Расчет возможен в юанях или долларах по курсу покупки юаня за доллар в Китае. Условия: между клиентом и нашей экспортной компанией контракт купли продажи. С этим контрактом идете в банк и оплачиваете международным переводом. Если автомобиль есть в наличии у дилера, мы работаем по 100% предоплате. Если автомобиля в наличии у дилера нет и нужно ждать пока фабрика его произведет, то сначала мы бронируем автомобиль на фабрике (это от 5000 до 20 000 юаней) и ждем пока фабрика его произведет. Затем контракт и 100% предоплата. Сроки: если автомобиль есть в наличии у дилера, мы берем 30 дней с момента покупки автомобиля до выдачи клиенту в Гуанчжоу. 40-50 дней до выдачи в Хоргосе. 40 дней до выдачи в порту Шанхая. (Эти сроки связаны с тем, что на автомобили нужно делать экспортные документы, перед выдачей клиенту) Сроки: если автомобиля в наличии у дилера нет. То плюс те сроки, которые фабрика возьмет на производство автомобиля. Задержки могут возникать из-за форсмажорных обстоятельств. Эпидемии, тайфуны, землетрясения, война, наводнения. Если такое случится, будем доказывать это из официальных источников. Тест-драйв и обзор на этот автомобиль https://youtu.be/SnmNZNoW0js","https://project--dbec8924-ca7b-41f6-b87a-9cd9693ce1a1.lovable.app/__l5e/assets-v1/5307c4b2-80f0-4748-8ed3-8780797c0a0e/catalog-car-086.jpg","","https://youtu.be/SnmNZNoW0js"
"Nio","Nio ET5 (100kwh) R20 без допов","Электромобиль или гибрид","От 400 000 ¥","CNY","Характеристики: Размеры 4790*1960*1499mm Колесная база 2888 mm Колеса 255/40 R19 Батарея 100 kwh Мощность: Полный привод - 489 л.с. Разгон до 100: 4.0 сек. Дальность хода по циклу NEDC: 600 км","Характеристики: Размеры 4790*1960*1499mm Колесная база 2888 mm Колеса 255/40 R19 Батарея 100 kwh Мощность: Полный привод - 489 л.с. Разгон до 100: 4.0 сек. Дальность хода по циклу NEDC: 600 км | Информация о покупке Основная цена указана в городе Гуанчжоу со всеми экспортными документами. Доставка в Туругарт + затаможка (Граница Китая и Кыргызстана) + 12 000 юаней (минимальный заказ от 1 автомобиля) Доставка в Хоргос + затаможка (граница Китая и Казахстана) + 10 500 юаней (минимальный заказ от 1 автомобиля) Доставка в порт Шанхая (со всеми экспортными документами) + 8 000 юаней (минимальный заказ от 1 автомобиля) Расчет возможен в юанях или долларах по курсу покупки юаня за доллар в Китае. Условия: между клиентом и нашей экспортной компанией контракт купли продажи. С этим контрактом идете в банк и оплачиваете международным переводом. Если автомобиль есть в наличии у дилера, мы работаем по 100% предоплате. Если автомобиля в наличии у дилера нет и нужно ждать пока фабрика его произведет, то сначала мы бронируем автомобиль на фабрике (это от 5000 до 20 000 юаней) и ждем пока фабрика его произведет. Затем контракт и 100% предоплата. Сроки: если автомобиль есть в наличии у дилера, мы берем 30 дней с момента покупки автомобиля до выдачи клиенту в Гуанчжоу. 40-50 дней до выдачи в Хоргосе. 40 дней до выдачи в порту Шанхая. (Эти сроки связаны с тем, что на автомобили нужно делать экспортные документы, перед выдачей клиенту) Сроки: если автомобиля в наличии у дилера нет. То плюс те сроки, которые фабрика возьмет на производство автомобиля. Задержки могут возникать из-за форсмажорных обстоятельств. Эпидемии, тайфуны, землетрясения, война, наводнения. Если такое случится, будем доказывать это из официальных источников. Тест-драйв и обзор на этот автомобиль https://www.youtube.com/watch?v=oy5ODwcOh9U&t=37s","https://project--dbec8924-ca7b-41f6-b87a-9cd9693ce1a1.lovable.app/__l5e/assets-v1/7b94bc34-66c3-4587-8eae-3d4e7f787ac9/catalog-car-087.jpg","","https://www.youtube.com/watch?v=oy5ODwcOh9U&t=37s"
"Nissan","Nissan Ariya 2023 (топ)","Электромобиль или гибрид","От 306 000 ¥","CNY","Характеристики: Размеры 4595 x1850 x1660 Колесная база 2775 Колеса 245/45 R20 Мощность 2 электромотор. Полный привод привод - 435 л.с. Разгон до 100: полный привод - 4 сек Батарея 90 kwh Дальность хода цикл (NEDC): 600 km","Характеристики: Размеры 4595 x1850 x1660 Колесная база 2775 Колеса 245/45 R20 Мощность 2 электромотор. Полный привод привод - 435 л.с. Разгон до 100: полный привод - 4 сек Батарея 90 kwh Дальность хода цикл (NEDC): 600 km | Информация о покупке Основная цена указана в городе Гуанчжоу со всеми экспортными документами. Доставка в Туругарт + затаможка (Граница Китая и Кыргызстана) + 12 000 юаней (минимальный заказ от 1 автомобиля) Доставка в Хоргос + затаможка (граница Китая и Казахстана) + 10 500 юаней (минимальный заказ от 1 автомобиля) Доставка в порт Шанхая (со всеми экспортными документами) + 8 000 юаней (минимальный заказ от 1 автомобиля) Расчет возможен в юанях или долларах по курсу покупки юаня за доллар в Китае. Условия: между клиентом и нашей экспортной компанией контракт купли продажи. С этим контрактом идете в банк и оплачиваете международным переводом. Если автомобиль есть в наличии у дилера, мы работаем по 100% предоплате. Если автомобиля в наличии у дилера нет и нужно ждать пока фабрика его произведет, то сначала мы бронируем автомобиль на фабрике (это от 5000 до 20 000 юаней) и ждем пока фабрика его произведет. Затем контракт и 100% предоплата. Сроки: если автомобиль есть в наличии у дилера, мы берем 30 дней с момента покупки автомобиля до выдачи клиенту в Гуанчжоу. 40-50 дней до выдачи в Хоргосе. 40 дней до выдачи в порту Шанхая. (Эти сроки связаны с тем, что на автомобили нужно делать экспортные документы, перед выдачей клиенту) Сроки: если автомобиля в наличии у дилера нет. То плюс те сроки, которые фабрика возьмет на производство автомобиля. Задержки могут возникать из-за форсмажорных обстоятельств. Эпидемии, тайфуны, землетрясения, война, наводнения. Если такое случится, будем доказывать это из официальных источников. Обзор и тест драйв на Nissan Ariya - https://youtu.be/fVAa3BgNiho","https://project--dbec8924-ca7b-41f6-b87a-9cd9693ce1a1.lovable.app/__l5e/assets-v1/72f2d400-14cc-4712-9440-1e3e1acb8051/catalog-car-088.jpg","",""
"Polestar","Polestar 4 топ + все допы","Электромобиль или гибрид","От 483 000 ¥","CNY","Характеристики: Размеры 4839*2139*1540mm Колесная база 2999 mm Колеса 255/40 R22 Батарея 100 kwh Мощность: Полный привод - 540 л.с. Разгон до 100: 3.8 сек. Максимальная скорость (км / ч): 230 Дальность хода по циклу NEDC: 615 км","Характеристики: Размеры 4839*2139*1540mm Колесная база 2999 mm Колеса 255/40 R22 Батарея 100 kwh Мощность: Полный привод - 540 л.с. Разгон до 100: 3.8 сек. Максимальная скорость (км / ч): 230 Дальность хода по циклу NEDC: 615 км | Информация о покупке Основная цена указана в городе Гуанчжоу со всеми экспортными документами. Доставка в Туругарт + затаможка (Граница Китая и Кыргызстана) + 12 000 юаней (минимальный заказ от 1 автомобиля) Доставка в Хоргос + затаможка (граница Китая и Казахстана) + 10 500 юаней (минимальный заказ от 1 автомобиля) Доставка в порт Шанхая (со всеми экспортными документами) + 8 000 юаней (минимальный заказ от 1 автомобиля) Расчет возможен в юанях или долларах по курсу покупки юаня за доллар в Китае. Условия: между клиентом и нашей экспортной компанией контракт купли продажи. С этим контрактом идете в банк и оплачиваете международным переводом. Если автомобиль есть в наличии у дилера, мы работаем по 100% предоплате. Если автомобиля в наличии у дилера нет и нужно ждать пока фабрика его произведет, то сначала мы бронируем автомобиль на фабрике (это от 5000 до 20 000 юаней) и ждем пока фабрика его произведет. Затем контракт и 100% предоплата. Сроки: если автомобиль есть в наличии у дилера, мы берем 30 дней с момента покупки автомобиля до выдачи клиенту в Гуанчжоу. 40-50 дней до выдачи в Хоргосе. 40 дней до выдачи в порту Шанхая. (Эти сроки связаны с тем, что на автомобили нужно делать экспортные документы, перед выдачей клиенту) Сроки: если автомобиля в наличии у дилера нет. То плюс те сроки, которые фабрика возьмет на производство автомобиля. Задержки могут возникать из-за форсмажорных обстоятельств. Эпидемии, тайфуны, землетрясения, война, наводнения. Если такое случится, будем доказывать это из официальных источников. Обзор и тест драйв на автомобиль https://youtu.be/MZ2uKSXiew4","https://project--dbec8924-ca7b-41f6-b87a-9cd9693ce1a1.lovable.app/__l5e/assets-v1/c94f2fb4-7540-4633-a136-7b5fa5c6116a/catalog-car-089.jpg","",""
"R7","R7 топ","Электромобиль или гибрид","От 419 000 ¥","CNY","Характеристики: Размеры 4900*1925*1655mm Колесная база 2950 mm Колеса 255/40 R21 Батарея 90 kwh Мощность: Полный привод - 550 л.с. Разгон до 100: 3.8 сек. Максимальная скорость (км / ч): 200 Дальность хода по циклу NEDC: 600 км","Характеристики: Размеры 4900*1925*1655mm Колесная база 2950 mm Колеса 255/40 R21 Батарея 90 kwh Мощность: Полный привод - 550 л.с. Разгон до 100: 3.8 сек. Максимальная скорость (км / ч): 200 Дальность хода по циклу NEDC: 600 км | Информация о покупке Основная цена указана в городе Гуанчжоу со всеми экспортными документами. Доставка в Туругарт + затаможка (Граница Китая и Кыргызстана) + 12 000 юаней (минимальный заказ от 1 автомобиля) Доставка в Хоргос + затаможка (граница Китая и Казахстана) + 10 500 юаней (минимальный заказ от 1 автомобиля) Доставка в порт Шанхая (со всеми экспортными документами) + 8 000 юаней (минимальный заказ от 1 автомобиля) Расчет возможен в юанях или долларах по курсу покупки юаня за доллар в Китае. Условия: между клиентом и нашей экспортной компанией контракт купли продажи. С этим контрактом идете в банк и оплачиваете международным переводом. Если автомобиль есть в наличии у дилера, мы работаем по 100% предоплате. Если автомобиля в наличии у дилера нет и нужно ждать пока фабрика его произведет, то сначала мы бронируем автомобиль на фабрике (это от 5000 до 20 000 юаней) и ждем пока фабрика его произведет. Затем контракт и 100% предоплата. Сроки: если автомобиль есть в наличии у дилера, мы берем 30 дней с момента покупки автомобиля до выдачи клиенту в Гуанчжоу. 40-50 дней до выдачи в Хоргосе. 40 дней до выдачи в порту Шанхая. (Эти сроки связаны с тем, что на автомобили нужно делать экспортные документы, перед выдачей клиенту) Сроки: если автомобиля в наличии у дилера нет. То плюс те сроки, которые фабрика возьмет на производство автомобиля. Задержки могут возникать из-за форсмажорных обстоятельств. Эпидемии, тайфуны, землетрясения, война, наводнения. Если такое случится, будем доказывать это из официальных источников. Обзор и тест драйв на автомобиль https://www.youtube.com/watch?v=IxwiMN00BBM&t=56s","https://project--dbec8924-ca7b-41f6-b87a-9cd9693ce1a1.lovable.app/__l5e/assets-v1/b862e43c-7a90-4433-80ee-735fc25ddfcc/catalog-car-090.jpg","",""
"Tank","Tank 500 Hi4Z топ + допы","Электромобиль или гибрид","От 425 000 ¥","CNY","Характеристики: Размеры 5070 x 1934 x 1905 Колесная база 2850 mm Колеса 265/50 R20 Мощность: Полный привод - 860 л.с. Разгон до 100: 4.6 сек. Дальность хода по циклу CLTC: 180 км на чистой электротяге Батарея 59 kwh Бак: 77л","Характеристики: Размеры 5070 x 1934 x 1905 Колесная база 2850 mm Колеса 265/50 R20 Мощность: Полный привод - 860 л.с. Разгон до 100: 4.6 сек. Дальность хода по циклу CLTC: 180 км на чистой электротяге Батарея 59 kwh Бак: 77л | Информация о покупке Основная цена указана в городе Гуанчжоу со всеми экспортными документами. Доставка в Туругарт + затаможка (Граница Китая и Кыргызстана) + 12 000 юаней (минимальный заказ от 1 автомобиля) Доставка в Хоргос + затаможка (граница Китая и Казахстана) + 10 500 юаней (минимальный заказ от 1 автомобиля) Доставка в порт Шанхая (со всеми экспортными документами) + 8 000 юаней (минимальный заказ от 1 автомобиля) Расчет возможен в юанях или долларах по курсу покупки юаня за доллар в Китае. Условия: между клиентом и нашей экспортной компанией контракт купли продажи. С этим контрактом идете в банк и оплачиваете международным переводом. Если автомобиль есть в наличии у дилера, мы работаем по 100% предоплате. Если автомобиля в наличии у дилера нет и нужно ждать пока фабрика его произведет, то сначала мы бронируем автомобиль на фабрике (это от 5000 до 20 000 юаней) и ждем пока фабрика его произведет. Затем контракт и 100% предоплата. Сроки: если автомобиль есть в наличии у дилера, мы берем 30 дней с момента покупки автомобиля до выдачи клиенту в Гуанчжоу. 40-50 дней до выдачи в Хоргосе. 40 дней до выдачи в порту Шанхая. (Эти сроки связаны с тем, что на автомобили нужно делать экспортные документы, перед выдачей клиенту) Сроки: если автомобиля в наличии у дилера нет. То плюс те сроки, которые фабрика возьмет на производство автомобиля. Задержки могут возникать из-за форсмажорных обстоятельств. Эпидемии, тайфуны, землетрясения, война, наводнения. Если такое случится, будем доказывать это из официальных источников. Тест-драйв и обзор на этот автомобиль https://youtu.be/9HLMlDZyUlU","https://project--dbec8924-ca7b-41f6-b87a-9cd9693ce1a1.lovable.app/__l5e/assets-v1/37deb7d8-e30d-4a2e-bfe1-8d2a7280addc/catalog-car-091.png","","https://youtu.be/9HLMlDZyUlU"
"Tank","Tank 500 hi4t топ + все допы","Электромобиль или гибрид","От 379 000 ¥","CNY","Характеристики: Размеры 5070 x 1934 x 1905 Колесная база 2850 mm Колеса 265/50 R20 Мощность: Полный привод - 400 л.с. Разгон до 100: 6.9 сек. Дальность хода по циклу NEDC: 110 км на чистой электротяге Батарея 37.8 kwh Бак: 70л Расход топилва 7л/100км Бренд: TANK Категории: Авто","Характеристики: Размеры 5070 x 1934 x 1905 Колесная база 2850 mm Колеса 265/50 R20 Мощность: Полный привод - 400 л.с. Разгон до 100: 6.9 сек. Дальность хода по циклу NEDC: 110 км на чистой электротяге Батарея 37.8 kwh Бак: 70л Расход топилва 7л/100км Бренд: TANK Категории: Авто | Информация о покупке Основная цена указана в городе Гуанчжоу со всеми экспортными документами. Доставка в Туругарт + затаможка (Граница Китая и Кыргызстана) + 12 000 юаней (минимальный заказ от 1 автомобиля) Доставка в Хоргос + затаможка (граница Китая и Казахстана) + 10 500 юаней (минимальный заказ от 1 автомобиля) Доставка в порт Шанхая (со всеми экспортными документами) + 8 000 юаней (минимальный заказ от 1 автомобиля) Расчет возможен в юанях или долларах по курсу покупки юаня за доллар в Китае. Условия: между клиентом и нашей экспортной компанией контракт купли продажи. С этим контрактом идете в банк и оплачиваете международным переводом. Если автомобиль есть в наличии у дилера, мы работаем по 100% предоплате. Если автомобиля в наличии у дилера нет и нужно ждать пока фабрика его произведет, то сначала мы бронируем автомобиль на фабрике (это от 5000 до 20 000 юаней) и ждем пока фабрика его произведет. Затем контракт и 100% предоплата. Сроки: если автомобиль есть в наличии у дилера, мы берем 30 дней с момента покупки автомобиля до выдачи клиенту в Гуанчжоу. 40-50 дней до выдачи в Хоргосе. 40 дней до выдачи в порту Шанхая. (Эти сроки связаны с тем, что на автомобили нужно делать экспортные документы, перед выдачей клиенту) Сроки: если автомобиля в наличии у дилера нет. То плюс те сроки, которые фабрика возьмет на производство автомобиля. Задержки могут возникать из-за форсмажорных обстоятельств. Эпидемии, тайфуны, землетрясения, война, наводнения. Если такое случится, будем доказывать это из официальных источников. Тест-драйв и обзор на этот автомобиль https://www.youtube.com/watch?v=i81X3VGiJfc","https://project--dbec8924-ca7b-41f6-b87a-9cd9693ce1a1.lovable.app/__l5e/assets-v1/f773d57b-005f-4842-aa42-a093afb5c05c/catalog-car-092.png","","https://www.youtube.com/watch?v=i81X3VGiJfc"
"Tank","Tank 700 hybrid ТОП + все допы","Электромобиль или гибрид","От 578 000 ¥","CNY","Характеристики: Размеры 5070 x 1934 x 1905 Колесная база 2850 mm Колеса 275/50 R22 Мощность: Полный привод - 520 л.с. Разгон до 100: 5.4 сек. Дальность хода по циклу NEDC: 110 км на чистой электротяге Батарея 37.8 kwh Бренд: TANK Категории: Авто","Характеристики: Размеры 5070 x 1934 x 1905 Колесная база 2850 mm Колеса 275/50 R22 Мощность: Полный привод - 520 л.с. Разгон до 100: 5.4 сек. Дальность хода по циклу NEDC: 110 км на чистой электротяге Батарея 37.8 kwh Бренд: TANK Категории: Авто | Информация о покупке Основная цена указана в городе Гуанчжоу со всеми экспортными документами. Доставка в Туругарт + затаможка (Граница Китая и Кыргызстана) + 12 000 юаней (минимальный заказ от 1 автомобиля) Доставка в Хоргос + затаможка (граница Китая и Казахстана) + 10 500 юаней (минимальный заказ от 1 автомобиля) Доставка в порт Шанхая (со всеми экспортными документами) + 8 000 юаней (минимальный заказ от 1 автомобиля) Расчет возможен в юанях или долларах по курсу покупки юаня за доллар в Китае. Условия: между клиентом и нашей экспортной компанией контракт купли продажи. С этим контрактом идете в банк и оплачиваете международным переводом. Если автомобиль есть в наличии у дилера, мы работаем по 100% предоплате. Если автомобиля в наличии у дилера нет и нужно ждать пока фабрика его произведет, то сначала мы бронируем автомобиль на фабрике (это от 5000 до 20 000 юаней) и ждем пока фабрика его произведет. Затем контракт и 100% предоплата. Сроки: если автомобиль есть в наличии у дилера, мы берем 30 дней с момента покупки автомобиля до выдачи клиенту в Гуанчжоу. 40-50 дней до выдачи в Хоргосе. 40 дней до выдачи в порту Шанхая. (Эти сроки связаны с тем, что на автомобили нужно делать экспортные документы, перед выдачей клиенту) Сроки: если автомобиля в наличии у дилера нет. То плюс те сроки, которые фабрика возьмет на производство автомобиля. Задержки могут возникать из-за форсмажорных обстоятельств. Эпидемии, тайфуны, землетрясения, война, наводнения. Если такое случится, будем доказывать это из официальных источников. Тест-драйв и обзор на этот автомобиль https://youtu.be/UM0ux0OBI3g","https://project--dbec8924-ca7b-41f6-b87a-9cd9693ce1a1.lovable.app/__l5e/assets-v1/4dac3aaf-168e-4842-8218-5de1bbe496bb/catalog-car-093.png","","https://youtu.be/UM0ux0OBI3g"
"Tank","Tank 700 гибрид (топ) + все допы","Электромобиль или гибрид","От 579 000 ¥","CNY","Характеристики: Размеры 5090 x 2060 x 1960 Колесная база 3000 mm Колеса 27550 R20 Мощность: Полный привод - 520 л.с. Разгон до 100: 5.6 сек. Дальность хода по циклу NEDC: 100 км на чистой электротяге Батарея 37.8 kwh Бак: 85л Расход топилва 11л/100км Бренд: TANK Категории: Авто","Характеристики: Размеры 5090 x 2060 x 1960 Колесная база 3000 mm Колеса 27550 R20 Мощность: Полный привод - 520 л.с. Разгон до 100: 5.6 сек. Дальность хода по циклу NEDC: 100 км на чистой электротяге Батарея 37.8 kwh Бак: 85л Расход топилва 11л/100км Бренд: TANK Категории: Авто | Информация о покупке Люксовая версия - 711 000 юаней Основная цена указана в городе Гуанчжоу со всеми экспортными документами. Доставка в Туругарт + затаможка (Граница Китая и Кыргызстана) + 12 000 юаней (минимальный заказ от 1 автомобиля) Доставка в Хоргос + затаможка (граница Китая и Казахстана) + 10 500 юаней (минимальный заказ от 1 автомобиля) Доставка в порт Шанхая (со всеми экспортными документами) + 8 000 юаней (минимальный заказ от 1 автомобиля) Расчет возможен в юанях или долларах по курсу покупки юаня за доллар в Китае. Условия: между клиентом и нашей экспортной компанией контракт купли продажи. С этим контрактом идете в банк и оплачиваете международным переводом. Если автомобиль есть в наличии у дилера, мы работаем по 100% предоплате. Если автомобиля в наличии у дилера нет и нужно ждать пока фабрика его произведет, то сначала мы бронируем автомобиль на фабрике (это от 5000 до 20 000 юаней) и ждем пока фабрика его произведет. Затем контракт и 100% предоплата. Сроки: если автомобиль есть в наличии у дилера, мы берем 30 дней с момента покупки автомобиля до выдачи клиенту в Гуанчжоу. 40-50 дней до выдачи в Хоргосе. 40 дней до выдачи в порту Шанхая. (Эти сроки связаны с тем, что на автомобили нужно делать экспортные документы, перед выдачей клиенту) Сроки: если автомобиля в наличии у дилера нет. То плюс те сроки, которые фабрика возьмет на производство автомобиля. Задержки могут возникать из-за форсмажорных обстоятельств. Эпидемии, тайфуны, землетрясения, война, наводнения. Если такое случится, будем доказывать это из официальных источников. Тест-драйв и обзор на этот автомобиль https://youtu.be/UM0ux0OBI3g","https://project--dbec8924-ca7b-41f6-b87a-9cd9693ce1a1.lovable.app/__l5e/assets-v1/a1a9612b-4a1d-43d0-888e-a8fbc66b469c/catalog-car-094.jpg","","https://youtu.be/UM0ux0OBI3g"
"Tesla","Tesla Y long range","Электромобиль или гибрид","От 324 000 ¥","CNY","Характеристики: Размеры: 4751 x 1920 x 1624 Диски: R19 (R20 +8000 юаней) Цвет кузова: черный (любой другой +8000 юаней) Цвет Интерьера: черный (белый + 8000 юаней) Разгон до 100: 5.0 сек Батарея: WLTP 550km","Характеристики: Размеры: 4751 x 1920 x 1624 Диски: R19 (R20 +8000 юаней) Цвет кузова: черный (любой другой +8000 юаней) Цвет Интерьера: черный (белый + 8000 юаней) Разгон до 100: 5.0 сек Батарея: WLTP 550km | Информация о покупке Основная цена указана в городе Гуанчжоу со всеми экспортными документами. Доставка в Туругарт + затаможка (Граница Китая и Кыргызстана) + 12 000 юаней (минимальный заказ от 1 автомобиля) Доставка в Хоргос + затаможка (граница Китая и Казахстана) + 10 500 юаней (минимальный заказ от 1 автомобиля) Доставка в порт Шанхая (со всеми экспортными документами) + 8 000 юаней (минимальный заказ от 1 автомобиля) Расчет возможен в юанях или долларах по курсу покупки юаня за доллар в Китае. Условия: между клиентом и нашей экспортной компанией контракт купли продажи. С этим контрактом идете в банк и оплачиваете международным переводом. Если автомобиль есть в наличии у дилера, мы работаем по 100% предоплате. Если автомобиля в наличии у дилера нет и нужно ждать пока фабрика его произведет, то сначала мы бронируем автомобиль на фабрике (это от 5000 до 20 000 юаней) и ждем пока фабрика его произведет. Затем контракт и 100% предоплата. Сроки: если автомобиль есть в наличии у дилера, мы берем 30 дней с момента покупки автомобиля до выдачи клиенту в Гуанчжоу. 40-50 дней до выдачи в Хоргосе. 40 дней до выдачи в порту Шанхая. (Эти сроки связаны с тем, что на автомобили нужно делать экспортные документы, перед выдачей клиенту) Сроки: если автомобиля в наличии у дилера нет. То плюс те сроки, которые фабрика возьмет на производство автомобиля. Задержки могут возникать из-за форсмажорных обстоятельств. Эпидемии, тайфуны, землетрясения, война, наводнения. Если такое случится, будем доказывать это из официальных источников.","https://project--dbec8924-ca7b-41f6-b87a-9cd9693ce1a1.lovable.app/__l5e/assets-v1/5f9670ad-c1ea-4465-bc52-0b6d66c8eaf7/catalog-car-095.jpg","",""
"Tesla","Tesla Y perfomance","Электромобиль или гибрид","От 399 000 ¥","CNY","Характеристики: Размеры: 4751 x 1920 x 1624 Диски: R21 Цвет кузова: черный (любой другой +8000 юаней) Цвет Интерьера: черный (белый + 8000 юаней) Разгон до 100: 3.7 сек Батарея: WLTP 500km","Характеристики: Размеры: 4751 x 1920 x 1624 Диски: R21 Цвет кузова: черный (любой другой +8000 юаней) Цвет Интерьера: черный (белый + 8000 юаней) Разгон до 100: 3.7 сек Батарея: WLTP 500km | Информация о покупке Основная цена указана в городе Гуанчжоу со всеми экспортными документами. Доставка в Туругарт + затаможка (Граница Китая и Кыргызстана) + 12 000 юаней (минимальный заказ от 1 автомобиля) Доставка в Хоргос + затаможка (граница Китая и Казахстана) + 10 500 юаней (минимальный заказ от 1 автомобиля) Доставка в порт Шанхая (со всеми экспортными документами) + 8 000 юаней (минимальный заказ от 1 автомобиля) Расчет возможен в юанях или долларах по курсу покупки юаня за доллар в Китае. Условия: между клиентом и нашей экспортной компанией контракт купли продажи. С этим контрактом идете в банк и оплачиваете международным переводом. Если автомобиль есть в наличии у дилера, мы работаем по 100% предоплате. Если автомобиля в наличии у дилера нет и нужно ждать пока фабрика его произведет, то сначала мы бронируем автомобиль на фабрике (это от 5000 до 20 000 юаней) и ждем пока фабрика его произведет. Затем контракт и 100% предоплата. Сроки: если автомобиль есть в наличии у дилера, мы берем 30 дней с момента покупки автомобиля до выдачи клиенту в Гуанчжоу. 40-50 дней до выдачи в Хоргосе. 40 дней до выдачи в порту Шанхая. (Эти сроки связаны с тем, что на автомобили нужно делать экспортные документы, перед выдачей клиенту) Сроки: если автомобиля в наличии у дилера нет. То плюс те сроки, которые фабрика возьмет на производство автомобиля. Задержки могут возникать из-за форсмажорных обстоятельств. Эпидемии, тайфуны, землетрясения, война, наводнения. Если такое случится, будем доказывать это из официальных источников.","https://project--dbec8924-ca7b-41f6-b87a-9cd9693ce1a1.lovable.app/__l5e/assets-v1/8b6b1067-f5b2-400a-bee1-d21ce9404c2e/catalog-car-096.jpg","",""
"Tesla","Tesla Y МИНИМАЛКА","Электромобиль или гибрид","От 290 000 ¥","CNY","Характеристики: Размеры: 4751 x 1920 x 1624 Диски: R19 (R20 +8000 юаней) Цвет кузова: черный (любой другой +8000 юаней) Цвет Интерьера: черный (белый + 8000 юаней) Разгон до 100: 6.9 сек Батарея: WLTP 450km","Характеристики: Размеры: 4751 x 1920 x 1624 Диски: R19 (R20 +8000 юаней) Цвет кузова: черный (любой другой +8000 юаней) Цвет Интерьера: черный (белый + 8000 юаней) Разгон до 100: 6.9 сек Батарея: WLTP 450km | Информация о покупке Основная цена указана в городе Гуанчжоу со всеми экспортными документами. Доставка в Туругарт + затаможка (Граница Китая и Кыргызстана) + 12 000 юаней (минимальный заказ от 1 автомобиля) Доставка в Хоргос + затаможка (граница Китая и Казахстана) + 10 500 юаней (минимальный заказ от 1 автомобиля) Доставка в порт Шанхая (со всеми экспортными документами) + 8 000 юаней (минимальный заказ от 1 автомобиля) Расчет возможен в юанях или долларах по курсу покупки юаня за доллар в Китае. Условия: между клиентом и нашей экспортной компанией контракт купли продажи. С этим контрактом идете в банк и оплачиваете международным переводом. Если автомобиль есть в наличии у дилера, мы работаем по 100% предоплате. Если автомобиля в наличии у дилера нет и нужно ждать пока фабрика его произведет, то сначала мы бронируем автомобиль на фабрике (это от 5000 до 20 000 юаней) и ждем пока фабрика его произведет. Затем контракт и 100% предоплата. Сроки: если автомобиль есть в наличии у дилера, мы берем 30 дней с момента покупки автомобиля до выдачи клиенту в Гуанчжоу. 40-50 дней до выдачи в Хоргосе. 40 дней до выдачи в порту Шанхая. (Эти сроки связаны с тем, что на автомобили нужно делать экспортные документы, перед выдачей клиенту) Сроки: если автомобиля в наличии у дилера нет. То плюс те сроки, которые фабрика возьмет на производство автомобиля. Задержки могут возникать из-за форсмажорных обстоятельств. Эпидемии, тайфуны, землетрясения, война, наводнения. Если такое случится, будем доказывать это из официальных источников.","https://project--dbec8924-ca7b-41f6-b87a-9cd9693ce1a1.lovable.app/__l5e/assets-v1/85e1da80-b61e-4909-a318-adbe733d8be1/catalog-car-097.jpg","",""
"Volvo","Volvo EM-90","Электромобиль или гибрид","От 869 000 ¥","CNY","Характеристики: Размеры 5209*2024*1850 Колесная база 3205 mm Батарея 116 kwh Мощность: Полный привод 270лс Разгон до 100: 8.3 сек. Дальность хода по циклу NEDC: 700 км Клиренс 12-15см (пневма)","Характеристики: Размеры 5209*2024*1850 Колесная база 3205 mm Батарея 116 kwh Мощность: Полный привод 270лс Разгон до 100: 8.3 сек. Дальность хода по циклу NEDC: 700 км Клиренс 12-15см (пневма) | Информация о покупке Основная цена указана в городе Гуанчжоу со всеми экспортными документами. Доставка в Туругарт + затаможка (Граница Китая и Кыргызстана) + 12 000 юаней (минимальный заказ от 1 автомобиля) Доставка в Хоргос + затаможка (граница Китая и Казахстана) + 10 500 юаней (минимальный заказ от 1 автомобиля) Доставка в порт Шанхая (со всеми экспортными документами) + 8 000 юаней (минимальный заказ от 1 автомобиля) Расчет возможен в юанях или долларах по курсу покупки юаня за доллар в Китае. Условия: между клиентом и нашей экспортной компанией контракт купли продажи. С этим контрактом идете в банк и оплачиваете международным переводом. Если автомобиль есть в наличии у дилера, мы работаем по 100% предоплате. Если автомобиля в наличии у дилера нет и нужно ждать пока фабрика его произведет, то сначала мы бронируем автомобиль на фабрике (это от 5000 до 20 000 юаней) и ждем пока фабрика его произведет. Затем контракт и 100% предоплата. Сроки: если автомобиль есть в наличии у дилера, мы берем 30 дней с момента покупки автомобиля до выдачи клиенту в Гуанчжоу. 40-50 дней до выдачи в Хоргосе. 40 дней до выдачи в порту Шанхая. (Эти сроки связаны с тем, что на автомобили нужно делать экспортные документы, перед выдачей клиенту) Сроки: если автомобиля в наличии у дилера нет. То плюс те сроки, которые фабрика возьмет на производство автомобиля. Задержки могут возникать из-за форсмажорных обстоятельств. Эпидемии, тайфуны, землетрясения, война, наводнения. Если такое случится, будем доказывать это из официальных источников. Обзор автомобиля: https://www.youtube.com/watch?v=ebRGy9Tz3AY","https://project--dbec8924-ca7b-41f6-b87a-9cd9693ce1a1.lovable.app/__l5e/assets-v1/e51727c9-61ea-4069-ba07-e98b5bd8f763/catalog-car-098.jpg","",""
"Voyah","Voyah Chasing Light ev (топ)","Электромобиль или гибрид","От 422 000 ¥","CNY","Характеристики: Размеры 5088 x 1970 x 1505mm Колёсная база 3000 мм Колеса 245/45 R19 Батарея 108 kwh Мощность: Полный привод - 510 л.с. Разгон до 100: 4.2сек Дальность хода по циклу NEDC: 700 км","Характеристики: Размеры 5088 x 1970 x 1505mm Колёсная база 3000 мм Колеса 245/45 R19 Батарея 108 kwh Мощность: Полный привод - 510 л.с. Разгон до 100: 4.2сек Дальность хода по циклу NEDC: 700 км | Информация о покупке Основная цена указана в городе Гуанчжоу со всеми экспортными документами. Доставка в Туругарт + затаможка (Граница Китая и Кыргызстана) + 12 000 юаней (минимальный заказ от 1 автомобиля) Доставка в Хоргос + затаможка (граница Китая и Казахстана) + 10 500 юаней (минимальный заказ от 1 автомобиля) Доставка в порт Шанхая (со всеми экспортными документами) + 8 000 юаней (минимальный заказ от 1 автомобиля) Расчет возможен в юанях или долларах по курсу покупки юаня за доллар в Китае. Условия: между клиентом и нашей экспортной компанией контракт купли продажи. С этим контрактом идете в банк и оплачиваете международным переводом. Если автомобиль есть в наличии у дилера, мы работаем по 100% предоплате. Если автомобиля в наличии у дилера нет и нужно ждать пока фабрика его произведет, то сначала мы бронируем автомобиль на фабрике (это от 5000 до 20 000 юаней) и ждем пока фабрика его произведет. Затем контракт и 100% предоплата. Сроки: если автомобиль есть в наличии у дилера, мы берем 30 дней с момента покупки автомобиля до выдачи клиенту в Гуанчжоу. 40-50 дней до выдачи в Хоргосе. 40 дней до выдачи в порту Шанхая. (Эти сроки связаны с тем, что на автомобили нужно делать экспортные документы, перед выдачей клиенту) Сроки: если автомобиля в наличии у дилера нет. То плюс те сроки, которые фабрика возьмет на производство автомобиля. Задержки могут возникать из-за форсмажорных обстоятельств. Эпидемии, тайфуны, землетрясения, война, наводнения. Если такое случится, будем доказывать это из официальных источников. Обзор и тест-драйв - https://youtu.be/xYrBL9104IA","https://project--dbec8924-ca7b-41f6-b87a-9cd9693ce1a1.lovable.app/__l5e/assets-v1/1a411bdb-18bb-4cea-a303-e5a491c60012/catalog-car-099.jpg","",""
"Voyah","Voyah Chasing Light Гибрид в топе","Электромобиль или гибрид","От 302 000 ¥","CNY","Характеристики: Размеры 5088 x 1970 x 1505mm Колёсная база 3000 мм Колеса 245/45 R20 Батарея 43 kwh Бак 51 литр Мощность: Полный привод - 390 л.с. Разгон до 100: 5.9сек Дальность хода по циклу NEDC: 1250км","Характеристики: Размеры 5088 x 1970 x 1505mm Колёсная база 3000 мм Колеса 245/45 R20 Батарея 43 kwh Бак 51 литр Мощность: Полный привод - 390 л.с. Разгон до 100: 5.9сек Дальность хода по циклу NEDC: 1250км | Информация о покупке Основная цена указана в городе Гуанчжоу со всеми экспортными документами. Доставка в Туругарт + затаможка (Граница Китая и Кыргызстана) + 12 000 юаней (минимальный заказ от 1 автомобиля) Доставка в Хоргос + затаможка (граница Китая и Казахстана) + 10 500 юаней (минимальный заказ от 1 автомобиля) Доставка в порт Шанхая (со всеми экспортными документами) + 8 000 юаней (минимальный заказ от 1 автомобиля) Расчет возможен в юанях или долларах по курсу покупки юаня за доллар в Китае. Условия: между клиентом и нашей экспортной компанией контракт купли продажи. С этим контрактом идете в банк и оплачиваете международным переводом. Если автомобиль есть в наличии у дилера, мы работаем по 100% предоплате. Если автомобиля в наличии у дилера нет и нужно ждать пока фабрика его произведет, то сначала мы бронируем автомобиль на фабрике (это от 5000 до 20 000 юаней) и ждем пока фабрика его произведет. Затем контракт и 100% предоплата. Сроки: если автомобиль есть в наличии у дилера, мы берем 30 дней с момента покупки автомобиля до выдачи клиенту в Гуанчжоу. 40-50 дней до выдачи в Хоргосе. 40 дней до выдачи в порту Шанхая. (Эти сроки связаны с тем, что на автомобили нужно делать экспортные документы, перед выдачей клиенту) Сроки: если автомобиля в наличии у дилера нет. То плюс те сроки, которые фабрика возьмет на производство автомобиля. Задержки могут возникать из-за форсмажорных обстоятельств. Эпидемии, тайфуны, землетрясения, война, наводнения. Если такое случится, будем доказывать это из официальных источников. Обзор и тест-драйв - https://www.youtube.com/watch?v=EqT7Gkki2lw","https://project--dbec8924-ca7b-41f6-b87a-9cd9693ce1a1.lovable.app/__l5e/assets-v1/32db4dbf-d7cc-413e-a850-60c9505641eb/catalog-car-100.png","",""
"Voyah","Voyah Dreamer Electric","Электромобиль или гибрид","От 542 000 ¥","CNY","Характеристики: Размеры 5315 x 1985 x 1820mm Колесная база 3200 mm Батарея 108 kwh Мощность: Полный привод 435лс Разгон до 100: 5.9 сек. Дальность хода по циклу NEDC: 600 км","Характеристики: Размеры 5315 x 1985 x 1820mm Колесная база 3200 mm Батарея 108 kwh Мощность: Полный привод 435лс Разгон до 100: 5.9 сек. Дальность хода по циклу NEDC: 600 км | Информация о покупке Основная цена указана в городе Гуанчжоу со всеми экспортными документами. Доставка в Туругарт + затаможка (Граница Китая и Кыргызстана) + 12 000 юаней (минимальный заказ от 1 автомобиля) Доставка в Хоргос + затаможка (граница Китая и Казахстана) + 10 500 юаней (минимальный заказ от 1 автомобиля) Доставка в порт Шанхая (со всеми экспортными документами) + 8 000 юаней (минимальный заказ от 1 автомобиля) Расчет возможен в юанях или долларах по курсу покупки юаня за доллар в Китае. Условия: между клиентом и нашей экспортной компанией контракт купли продажи. С этим контрактом идете в банк и оплачиваете международным переводом. Если автомобиль есть в наличии у дилера, мы работаем по 100% предоплате. Если автомобиля в наличии у дилера нет и нужно ждать пока фабрика его произведет, то сначала мы бронируем автомобиль на фабрике (это от 5000 до 20 000 юаней) и ждем пока фабрика его произведет. Затем контракт и 100% предоплата. Сроки: если автомобиль есть в наличии у дилера, мы берем 30 дней с момента покупки автомобиля до выдачи клиенту в Гуанчжоу. 40-50 дней до выдачи в Хоргосе. 40 дней до выдачи в порту Шанхая. (Эти сроки связаны с тем, что на автомобили нужно делать экспортные документы, перед выдачей клиенту) Сроки: если автомобиля в наличии у дилера нет. То плюс те сроки, которые фабрика возьмет на производство автомобиля. Задержки могут возникать из-за форсмажорных обстоятельств. Эпидемии, тайфуны, землетрясения, война, наводнения. Если такое случится, будем доказывать это из официальных источников. Тест-драйв и обзор на этот автомобиль https://youtu.be/hhdvqrDvVJ8","https://project--dbec8924-ca7b-41f6-b87a-9cd9693ce1a1.lovable.app/__l5e/assets-v1/71703159-2473-433f-bea5-5a6855b211d7/catalog-car-101.jpg","","https://youtu.be/hhdvqrDvVJ8"
"Voyah","Voyah Dreamer LUXURY ev","Электромобиль или гибрид","От 814 000 ¥","CNY","Характеристики: Размеры 5315 x 1985 x 1820mm Колесная база 3200 mm Батарея 108 kwh Мощность: Полный привод 435лс Разгон до 100: 5.9 сек. Дальность хода по циклу NEDC: 600 км","Характеристики: Размеры 5315 x 1985 x 1820mm Колесная база 3200 mm Батарея 108 kwh Мощность: Полный привод 435лс Разгон до 100: 5.9 сек. Дальность хода по циклу NEDC: 600 км | Информация о покупке Основная цена указана в городе Гуанчжоу со всеми экспортными документами. Доставка в Туругарт + затаможка (Граница Китая и Кыргызстана) + 12 000 юаней (минимальный заказ от 1 автомобиля) Доставка в Хоргос + затаможка (граница Китая и Казахстана) + 10 500 юаней (минимальный заказ от 1 автомобиля) Доставка в порт Шанхая (со всеми экспортными документами) + 8 000 юаней (минимальный заказ от 1 автомобиля) Расчет возможен в юанях или долларах по курсу покупки юаня за доллар в Китае. Условия: между клиентом и нашей экспортной компанией контракт купли продажи. С этим контрактом идете в банк и оплачиваете международным переводом. Если автомобиль есть в наличии у дилера, мы работаем по 100% предоплате. Если автомобиля в наличии у дилера нет и нужно ждать пока фабрика его произведет, то сначала мы бронируем автомобиль на фабрике (это от 5000 до 20 000 юаней) и ждем пока фабрика его произведет. Затем контракт и 100% предоплата. Сроки: если автомобиль есть в наличии у дилера, мы берем 30 дней с момента покупки автомобиля до выдачи клиенту в Гуанчжоу. 40-50 дней до выдачи в Хоргосе. 40 дней до выдачи в порту Шанхая. (Эти сроки связаны с тем, что на автомобили нужно делать экспортные документы, перед выдачей клиенту) Сроки: если автомобиля в наличии у дилера нет. То плюс те сроки, которые фабрика возьмет на производство автомобиля. Задержки могут возникать из-за форсмажорных обстоятельств. Эпидемии, тайфуны, землетрясения, война, наводнения. Если такое случится, будем доказывать это из официальных источников.","https://project--dbec8924-ca7b-41f6-b87a-9cd9693ce1a1.lovable.app/__l5e/assets-v1/9208ee1d-303d-4d79-8342-558b107bd823/catalog-car-102.jpg","",""
"Voyah","Voyah Dreamer LUXURY hybrid","Электромобиль или гибрид","От 756 000 ¥","CNY","Характеристики: Размеры 5315 x 1985 x 1820mm Колесная база 3200 mm Батарея 25.5 kwh Мощность: Полный привод 400лс Разгон до 100: 6.6 сек. Дальность хода по циклу NEDC: 60 км Бак: 51л","Характеристики: Размеры 5315 x 1985 x 1820mm Колесная база 3200 mm Батарея 25.5 kwh Мощность: Полный привод 400лс Разгон до 100: 6.6 сек. Дальность хода по циклу NEDC: 60 км Бак: 51л | Информация о покупке Основная цена указана в городе Гуанчжоу со всеми экспортными документами. Доставка в Туругарт + затаможка (Граница Китая и Кыргызстана) + 12 000 юаней (минимальный заказ от 1 автомобиля) Доставка в Хоргос + затаможка (граница Китая и Казахстана) + 10 500 юаней (минимальный заказ от 1 автомобиля) Доставка в порт Шанхая (со всеми экспортными документами) + 8 000 юаней (минимальный заказ от 1 автомобиля) Расчет возможен в юанях или долларах по курсу покупки юаня за доллар в Китае. Условия: между клиентом и нашей экспортной компанией контракт купли продажи. С этим контрактом идете в банк и оплачиваете международным переводом. Если автомобиль есть в наличии у дилера, мы работаем по 100% предоплате. Если автомобиля в наличии у дилера нет и нужно ждать пока фабрика его произведет, то сначала мы бронируем автомобиль на фабрике (это от 5000 до 20 000 юаней) и ждем пока фабрика его произведет. Затем контракт и 100% предоплата. Сроки: если автомобиль есть в наличии у дилера, мы берем 30 дней с момента покупки автомобиля до выдачи клиенту в Гуанчжоу. 40-50 дней до выдачи в Хоргосе. 40 дней до выдачи в порту Шанхая. (Эти сроки связаны с тем, что на автомобили нужно делать экспортные документы, перед выдачей клиенту) Сроки: если автомобиля в наличии у дилера нет. То плюс те сроки, которые фабрика возьмет на производство автомобиля. Задержки могут возникать из-за форсмажорных обстоятельств. Эпидемии, тайфуны, землетрясения, война, наводнения. Если такое случится, будем доказывать это из официальных источников.","https://project--dbec8924-ca7b-41f6-b87a-9cd9693ce1a1.lovable.app/__l5e/assets-v1/319305aa-306c-4782-b756-ee79d5840287/catalog-car-103.jpg","",""
"Voyah","Voyah Dreamer hybrid","Электромобиль или гибрид","От 482 000 ¥","CNY","Характеристики: Размеры 5315 x 1985 x 1820mm Колесная база 3200 mm Батарея 25.5 kwh Мощность: Полный привод 400лс Разгон до 100: 6.6 сек. Дальность хода по циклу NEDC: 60 км Бак: 51л","Характеристики: Размеры 5315 x 1985 x 1820mm Колесная база 3200 mm Батарея 25.5 kwh Мощность: Полный привод 400лс Разгон до 100: 6.6 сек. Дальность хода по циклу NEDC: 60 км Бак: 51л | Информация о покупке Основная цена указана в городе Гуанчжоу со всеми экспортными документами. Доставка в Туругарт + затаможка (Граница Китая и Кыргызстана) + 12 000 юаней (минимальный заказ от 1 автомобиля) Доставка в Хоргос + затаможка (граница Китая и Казахстана) + 10 500 юаней (минимальный заказ от 1 автомобиля) Доставка в порт Шанхая (со всеми экспортными документами) + 8 000 юаней (минимальный заказ от 1 автомобиля) Расчет возможен в юанях или долларах по курсу покупки юаня за доллар в Китае. Условия: между клиентом и нашей экспортной компанией контракт купли продажи. С этим контрактом идете в банк и оплачиваете международным переводом. Если автомобиль есть в наличии у дилера, мы работаем по 100% предоплате. Если автомобиля в наличии у дилера нет и нужно ждать пока фабрика его произведет, то сначала мы бронируем автомобиль на фабрике (это от 5000 до 20 000 юаней) и ждем пока фабрика его произведет. Затем контракт и 100% предоплата. Сроки: если автомобиль есть в наличии у дилера, мы берем 30 дней с момента покупки автомобиля до выдачи клиенту в Гуанчжоу. 40-50 дней до выдачи в Хоргосе. 40 дней до выдачи в порту Шанхая. (Эти сроки связаны с тем, что на автомобили нужно делать экспортные документы, перед выдачей клиенту) Сроки: если автомобиля в наличии у дилера нет. То плюс те сроки, которые фабрика возьмет на производство автомобиля. Задержки могут возникать из-за форсмажорных обстоятельств. Эпидемии, тайфуны, землетрясения, война, наводнения. Если такое случится, будем доказывать это из официальных источников. Тест-драйв и обзор на этот автомобиль https: https://youtu.be/hhdvqrDvVJ8","https://project--dbec8924-ca7b-41f6-b87a-9cd9693ce1a1.lovable.app/__l5e/assets-v1/88f2b217-c076-4a0e-82e5-fda83efaf6fa/catalog-car-104.png","",""
"Voyah","Voyah Free 318 Гибрид. в топе","Электромобиль или гибрид","От 252 000 ¥","CNY","Характеристики: Размеры 4905x1950x1690 Колесная база 2955 Колеса 245/45 R19 Полный привод - 265 л.с. Разгон до 100: полный привод - 7.6 сек Батарея 43 kwh Дальность хода в режиме электронный - цикл (CLTC): 318km","Характеристики: Размеры 4905x1950x1690 Колесная база 2955 Колеса 245/45 R19 Полный привод - 265 л.с. Разгон до 100: полный привод - 7.6 сек Батарея 43 kwh Дальность хода в режиме электронный - цикл (CLTC): 318km | Информация о покупке Основная цена указана в городе Гуанчжоу со всеми экспортными документами. Доставка в Туругарт + затаможка (Граница Китая и Кыргызстана) + 12 000 юаней (минимальный заказ от 1 автомобиля) Доставка в Хоргос + затаможка (граница Китая и Казахстана) + 10 500 юаней (минимальный заказ от 1 автомобиля) Доставка в порт Шанхая (со всеми экспортными документами) + 8 000 юаней (минимальный заказ от 1 автомобиля) Расчет возможен в юанях или долларах по курсу покупки юаня за доллар в Китае. Условия: между клиентом и нашей экспортной компанией контракт купли продажи. С этим контрактом идете в банк и оплачиваете международным переводом. Если автомобиль есть в наличии у дилера, мы работаем по 100% предоплате. Если автомобиля в наличии у дилера нет и нужно ждать пока фабрика его произведет, то сначала мы бронируем автомобиль на фабрике (это от 5000 до 20 000 юаней) и ждем пока фабрика его произведет. Затем контракт и 100% предоплата. Сроки: если автомобиль есть в наличии у дилера, мы берем 30 дней с момента покупки автомобиля до выдачи клиенту в Гуанчжоу. 40-50 дней до выдачи в Хоргосе. 40 дней до выдачи в порту Шанхая. (Эти сроки связаны с тем, что на автомобили нужно делать экспортные документы, перед выдачей клиенту) Сроки: если автомобиля в наличии у дилера нет. То плюс те сроки, которые фабрика возьмет на производство автомобиля. Задержки могут возникать из-за форсмажорных обстоятельств. Эпидемии, тайфуны, землетрясения, война, наводнения. Если такое случится, будем доказывать это из официальных источников.","https://project--dbec8924-ca7b-41f6-b87a-9cd9693ce1a1.lovable.app/__l5e/assets-v1/57118215-5f4e-4d16-af04-e2850edddddb/catalog-car-105.png","",""
"Voyah","Voyah Free Hybrid 2024","Электромобиль или гибрид","От 272 000 ¥","CNY","Характеристики: Размеры 4905x1950x1690 Колесная база 2955 Мощность 2х электромоторов. Полный привод - 270 л.с. Разгон до 100: полный привод - 7.6сек Батарея 43 kwh Дальность хода в режиме электронный - цикл (CLTC): 318km","Характеристики: Размеры 4905x1950x1690 Колесная база 2955 Мощность 2х электромоторов. Полный привод - 270 л.с. Разгон до 100: полный привод - 7.6сек Батарея 43 kwh Дальность хода в режиме электронный - цикл (CLTC): 318km | Информация о покупке Основная цена указана в городе Гуанчжоу со всеми экспортными документами. Доставка в Туругарт + затаможка (Граница Китая и Кыргызстана) + 12 000 юаней (минимальный заказ от 1 автомобиля) Доставка в Хоргос + затаможка (граница Китая и Казахстана) + 10 500 юаней (минимальный заказ от 1 автомобиля) Доставка в порт Шанхая (со всеми экспортными документами) + 8 000 юаней (минимальный заказ от 1 автомобиля) Расчет возможен в юанях или долларах по курсу покупки юаня за доллар в Китае. Условия: между клиентом и нашей экспортной компанией контракт купли продажи. С этим контрактом идете в банк и оплачиваете международным переводом. Если автомобиль есть в наличии у дилера, мы работаем по 100% предоплате. Если автомобиля в наличии у дилера нет и нужно ждать пока фабрика его произведет, то сначала мы бронируем автомобиль на фабрике (это от 5000 до 20 000 юаней) и ждем пока фабрика его произведет. Затем контракт и 100% предоплата. Сроки: если автомобиль есть в наличии у дилера, мы берем 30 дней с момента покупки автомобиля до выдачи клиенту в Гуанчжоу. 40-50 дней до выдачи в Хоргосе. 40 дней до выдачи в порту Шанхая. (Эти сроки связаны с тем, что на автомобили нужно делать экспортные документы, перед выдачей клиенту) Сроки: если автомобиля в наличии у дилера нет. То плюс те сроки, которые фабрика возьмет на производство автомобиля. Задержки могут возникать из-за форсмажорных обстоятельств. Эпидемии, тайфуны, землетрясения, война, наводнения. Если такое случится, будем доказывать это из официальных источников. Тест-драйв и обзор на этот автомобиль https://www.youtube.com/watch?v=6ZK0iEjvGdM","https://project--dbec8924-ca7b-41f6-b87a-9cd9693ce1a1.lovable.app/__l5e/assets-v1/b8f50078-9071-4bae-858c-6a044c5e5b89/catalog-car-106.png","","https://www.youtube.com/watch?v=6ZK0iEjvGdM"
"Voyah","Voyah Free+","Электромобиль или гибрид","От 274 000 ¥","CNY","Характеристики: Размеры 4915 x 1960 x 1660 Колесная база 2960 mm Колеса R20 ДВС 1.5Т Батарея 43 kwh Полный привод - 476 л.с. Разгон 0-100: 4.9 сек. Макс скорость 200 км/ч Дальность хода по циклу СLTC: 259 км","Характеристики: Размеры 4915 x 1960 x 1660 Колесная база 2960 mm Колеса R20 ДВС 1.5Т Батарея 43 kwh Полный привод - 476 л.с. Разгон 0-100: 4.9 сек. Макс скорость 200 км/ч Дальность хода по циклу СLTC: 259 км | Информация о покупке Доставка в порт Шанхая (со всеми экспортными документами) + 8 000 юаней (минимальный заказ от 1 автомобиля) Расчет возможен в юанях или долларах по курсу покупки юаня за доллар в Китае. Условия: между клиентом и нашей экспортной компанией контракт купли продажи. С этим контрактом идете в банк и оплачиваете международным переводом. Если автомобиль есть в наличии у дилера, мы работаем по 100% предоплате. Если автомобиля в наличии у дилера нет и нужно ждать пока фабрика его произведет, то сначала мы бронируем автомобиль на фабрике (это от 5000 до 20 000 юаней) и ждем пока фабрика его произведет. Затем контракт и 100% предоплата. Сроки: если автомобиль есть в наличии у дилера, мы берем 10 дней с момента покупки автомобиля до выдачи клиенту в Гуанчжоу. 25-30 дней до выдачи в Хоргосе. 25 дней до выдачи в порту Шанхая. (Эти сроки связаны с тем, что на автомобили нужно делать экспортные документы, перед выдачей клиенту) Сроки: если автомобиля в наличии у дилера нет. То плюс те сроки, которые фабрика возьмет на производство автомобиля. Задержки могут возникать из-за форсмажорных обстоятельств. Эпидемии, тайфуны, землетрясения, война, наводнения. Если такое случится, будем доказывать это из официальных источников. Обзор и тест-драйв https://youtu.be/f_Zy5maH7II","https://project--dbec8924-ca7b-41f6-b87a-9cd9693ce1a1.lovable.app/__l5e/assets-v1/583d91df-b4ab-478d-9ce5-8bb2caf30734/catalog-car-107.jpg","",""
"Xiaomi","Xiaomi SU7 Ultra","Электромобиль или гибрид","От 815 000 ¥","CNY","Характеристики: Размеры 4997*1963*1440mm Колесная база 3000 mm Мощность: Полный привод - 1548 л.с. Разгон до 100: 1.98 сек. Максимальная скорость: 350 км/ч Батарея: Qilin II от CATL","Характеристики: Размеры 4997*1963*1440mm Колесная база 3000 mm Мощность: Полный привод - 1548 л.с. Разгон до 100: 1.98 сек. Максимальная скорость: 350 км/ч Батарея: Qilin II от CATL | Информация о покупке Xiaomi SU7 Ultra — это серийная версия рекордного прототипа, созданная для трека и дорог общего пользования. Основная цена указана в городе Гуанчжоу со всеми экспортными документами. Расчет возможен в юанях или долларах по курсу покупки юаня за доллар в Китае. Условия: между клиентом и нашей экспортной компанией контракт купли продажи. С этим контрактом идете в банк и оплачиваете международным переводом. Сроки: от 30 до 60 дней в зависимости от наличия и логистического плеча.","https://cdn.relaxdev.ru/users/avnhome2012@yandex.ru/era-toka-auto-pro/9-12.webp","https://cdn.relaxdev.ru/users/avnhome2012@yandex.ru/era-toka-auto-pro/9-12.webp | https://cdn.relaxdev.ru/users/avnhome2012@yandex.ru/era-toka-auto-pro/wvfrtffgyu.webp",""
"Xiaomi","Xiaomi YU7 max (без допов)","Электромобиль или гибрид","От 355 000 ¥","CNY","Характеристики: Размеры 4999 x 1996 x 1600 Колесная база 3000 mm Колеса R21 Батарея 101 kwh Полный привод - 681 л.с. Разгон 0-100: 3.2 сек. Макс скорость 253 км/ч Дальность хода по циклу СLTC: 760 км","Характеристики: Размеры 4999 x 1996 x 1600 Колесная база 3000 mm Колеса R21 Батарея 101 kwh Полный привод - 681 л.с. Разгон 0-100: 3.2 сек. Макс скорость 253 км/ч Дальность хода по циклу СLTC: 760 км | Информация о покупке Основная цена указана в городе Гуанчжоу со всеми экспортными документами. Доставка в Туругарт + затаможка (Граница Китая и Кыргызстана) + 12 000 юаней (минимальный заказ от 1 автомобиля) Камеры вместо зеркал заднего вида + 12000 юаней Доставка в Хоргос + затаможка (граница Китая и Казахстана) + 10 500 юаней (минимальный заказ от 1 автомобиля) Доставка в порт Шанхая (со всеми экспортными документами) + 8 000 юаней (минимальный заказ от 1 автомобиля) Расчет возможен в юанях или долларах по курсу покупки юаня за доллар в Китае. Условия: между клиентом и нашей экспортной компанией контракт купли продажи. С этим контрактом идете в банк и оплачиваете международным переводом. Если автомобиль есть в наличии у дилера, мы работаем по 100% предоплате. Если автомобиля в наличии у дилера нет и нужно ждать пока фабрика его произведет, то сначала мы бронируем автомобиль на фабрике (это от 5000 до 20 000 юаней) и ждем пока фабрика его произведет. Затем контракт и 100% предоплата. Сроки: если автомобиль есть в наличии у дилера, мы берем 10 дней с момента покупки автомобиля до выдачи клиенту в Гуанчжоу. 25-30 дней до выдачи в Хоргосе. 25 дней до выдачи в порту Шанхая. (Эти сроки связаны с тем, что на автомобили нужно делать экспортные документы, перед выдачей клиенту) Сроки: если автомобиля в наличии у дилера нет. То плюс те сроки, которые фабрика возьмет на производство автомобиля. Задержки могут возникать из-за форсмажорных обстоятельств. Эпидемии, тайфуны, землетрясения, война, наводнения. Если такое случится, будем доказывать это из официальных источников. Обзор и тест-драйв https://youtu.be/-foavG8QZ1o","https://project--dbec8924-ca7b-41f6-b87a-9cd9693ce1a1.lovable.app/__l5e/assets-v1/bcabbc0a-1150-4f6e-bb08-a42f0d810e9c/catalog-car-109.jpg","",""
"Xpeng","Xpeng G9","Электромобиль или гибрид","От 427 000 ¥","CNY","Характеристики: Размеры 4891 x 1937 x 1680mm Колесная база 2998 мм Батарея 97 kwh Мощность: Полный привод 550лс Разгон до 100: 3.9 сек. Дальность хода по циклу NEDC: 600 км","Характеристики: Размеры 4891 x 1937 x 1680mm Колесная база 2998 мм Батарея 97 kwh Мощность: Полный привод 550лс Разгон до 100: 3.9 сек. Дальность хода по циклу NEDC: 600 км | Информация о покупке Основная цена указана в городе Гуанчжоу со всеми экспортными документами. Доставка в Туругарт + затаможка (Граница Китая и Кыргызстана) + 12 000 юаней (минимальный заказ от 1 автомобиля) Доставка в Хоргос + затаможка (граница Китая и Казахстана) + 10 500 юаней (минимальный заказ от 1 автомобиля) Доставка в порт Шанхая (со всеми экспортными документами) + 8 000 юаней (минимальный заказ от 1 автомобиля) Расчет возможен в юанях или долларах по курсу покупки юаня за доллар в Китае. Условия: между клиентом и нашей экспортной компанией контракт купли продажи. С этим контрактом идете в банк и оплачиваете международным переводом. Если автомобиль есть в наличии у дилера, мы работаем по 100% предоплате. Если автомобиля в наличии у дилера нет и нужно ждать пока фабрика его произведет, то сначала мы бронируем автомобиль на фабрике (это от 5000 до 20 000 юаней) и ждем пока фабрика его произведет. Затем контракт и 100% предоплата. Сроки: если автомобиль есть в наличии у дилера, мы берем 30 дней с момента покупки автомобиля до выдачи клиенту в Гуанчжоу. 40-50 дней до выдачи в Хоргосе. 40 дней до выдачи в порту Шанхая. (Эти сроки связаны с тем, что на автомобили нужно делать экспортные документы, перед выдачей клиенту) Сроки: если автомобиля в наличии у дилера нет. То плюс те сроки, которые фабрика возьмет на производство автомобиля. Задержки могут возникать из-за форсмажорных обстоятельств. Эпидемии, тайфуны, землетрясения, война, наводнения. Если такое случится, будем доказывать это из официальных источников. Тест-драйв и обзор на этот автомобиль https://www.youtube.com/watch?v=UEb1HeH67IE&t=435s","https://project--dbec8924-ca7b-41f6-b87a-9cd9693ce1a1.lovable.app/__l5e/assets-v1/940ecb76-2428-4e5f-b0cb-ab99c8f3d152/catalog-car-110.jpg","","https://www.youtube.com/watch?v=UEb1HeH67IE&t=435s"
"Yangwang","YangWang U8 hybrid top","Электромобиль или гибрид","От 1 221 000 ¥","CNY","Характеристики: Характеристики: Размеры 5319 x 2050 x 1913 Колесная база 3050 mm Колеса 275/50 R22 Мощность: Полный привод - 1200 л.с. Разгон до 100: 3.6 сек. Дальность хода по циклу NEDC: 190 км на чистой электротяге Батарея 49.5 kwh Бак: 75л Расход топилва 9л/100км","Характеристики: Характеристики: Размеры 5319 x 2050 x 1913 Колесная база 3050 mm Колеса 275/50 R22 Мощность: Полный привод - 1200 л.с. Разгон до 100: 3.6 сек. Дальность хода по циклу NEDC: 190 км на чистой электротяге Батарея 49.5 kwh Бак: 75л Расход топилва 9л/100км | Информация о покупке Основная цена указана в городе Гуанчжоу со всеми экспортными документами. Доставка в Туругарт + затаможка (Граница Китая и Кыргызстана) + 12 000 юаней (минимальный заказ от 1 автомобиля) Доставка в Хоргос + затаможка (граница Китая и Казахстана) + 10 500 юаней (минимальный заказ от 1 автомобиля) Доставка в порт Шанхая (со всеми экспортными документами) + 8 000 юаней (минимальный заказ от 1 автомобиля) Расчет возможен в юанях или долларах по курсу покупки юаня за доллар в Китае. Условия: между клиентом и нашей экспортной компанией контракт купли продажи. С этим контрактом идете в банк и оплачиваете международным переводом. Если автомобиль есть в наличии у дилера, мы работаем по 100% предоплате. Если автомобиля в наличии у дилера нет и нужно ждать пока фабрика его произведет, то сначала мы бронируем автомобиль на фабрике (это от 5000 до 20 000 юаней) и ждем пока фабрика его произведет. Затем контракт и 100% предоплата. Сроки: если автомобиль есть в наличии у дилера, мы берем 30 дней с момента покупки автомобиля до выдачи клиенту в Гуанчжоу. 40-50 дней до выдачи в Хоргосе. 40 дней до выдачи в порту Шанхая. (Эти сроки связаны с тем, что на автомобили нужно делать экспортные документы, перед выдачей клиенту) Сроки: если автомобиля в наличии у дилера нет. То плюс те сроки, которые фабрика возьмет на производство автомобиля. Задержки могут возникать из-за форсмажорных обстоятельств. Эпидемии, тайфуны, землетрясения, война, наводнения. Если такое случится, будем доказывать это из официальных источников. Обзорв автомобиля https://youtu.be/ePnJGo8TgyU","https://project--dbec8924-ca7b-41f6-b87a-9cd9693ce1a1.lovable.app/__l5e/assets-v1/41e66e66-b5f7-4466-931d-16d1d34209b2/catalog-car-111.png","",""
"Yangwang","Yangwang U7 гибрид / электро 5 мест","Электромобиль или гибрид","От 707 000 ¥","CNY","Характеристики: Гибрид: Размеры 5360 x 2000 x 1515 Колёсная база 3200 mm. Батарея 52квтч Дальность 200км CLTC ДВС 2.0T - 250 лс 4 электромотора 1300 лс Разгон 2.8сек / 100 ___________________ Электро: Размеры 5265 x 1998 x 1517 Колёсная база 3160 mm. Батарея 135 квтч Дальность 720км CLTC 4 электромотора 1300 лс Разгон 2.8сек / 100","Характеристики: Гибрид: Размеры 5360 x 2000 x 1515 Колёсная база 3200 mm. Батарея 52квтч Дальность 200км CLTC ДВС 2.0T - 250 лс 4 электромотора 1300 лс Разгон 2.8сек / 100 ___________________ Электро: Размеры 5265 x 1998 x 1517 Колёсная база 3160 mm. Батарея 135 квтч Дальность 720км CLTC 4 электромотора 1300 лс Разгон 2.8сек / 100 | Информация о покупке 4 местная версия и электро и гибрид - 719 000 юаней Основная цена указана в городе Гуанчжоу со всеми экспортными документами. Доставка в Туругарт + затаможка (Граница Китая и Кыргызстана) + 12 000 юаней (минимальный заказ от 1 автомобиля) Доставка в Хоргос + затаможка (граница Китая и Казахстана) + 10 500 юаней (минимальный заказ от 1 автомобиля) Доставка в порт Шанхая (со всеми экспортными документами) + 8 000 юаней (минимальный заказ от 1 автомобиля) Расчет возможен в юанях или долларах по курсу покупки юаня за доллар в Китае. Условия: между клиентом и нашей экспортной компанией контракт купли продажи. С этим контрактом идете в банк и оплачиваете международным переводом. Если автомобиль есть в наличии у дилера, мы работаем по 100% предоплате. Если автомобиля в наличии у дилера нет и нужно ждать пока фабрика его произведет, то сначала мы бронируем автомобиль на фабрике (это от 5000 до 20 000 юаней) и ждем пока фабрика его произведет. Затем контракт и 100% предоплата. Сроки: если автомобиль есть в наличии у дилера, мы берем 10 дней с момента покупки автомобиля до выдачи клиенту в Гуанчжоу. 25-30 дней до выдачи в Хоргосе. 25 дней до выдачи в порту Шанхая. (Эти сроки связаны с тем, что на автомобили нужно делать экспортные документы, перед выдачей клиенту) Обзорв авто на нашем ютубе канале https://youtu.be/T4bbME5znVI","https://project--dbec8924-ca7b-41f6-b87a-9cd9693ce1a1.lovable.app/__l5e/assets-v1/d9647d80-a36f-468d-8695-110062d3b764/catalog-car-112.png","",""
"Yangwang","Yangwang U9 в топе","Электромобиль или гибрид","От 1 939 000 ¥","CNY","Характеристики: Размеры 4966 x 2029 x 1311mm Колесная база 2900 mm Колеса R21 Батарея 80.4 kwh Мощность: Полный привод - 1300 л.с. Разгон до 100: 1.9 сек. Макс скорость 303 км/ч Дальность хода по циклу NEDC: 450 км","Характеристики: Размеры 4966 x 2029 x 1311mm Колесная база 2900 mm Колеса R21 Батарея 80.4 kwh Мощность: Полный привод - 1300 л.с. Разгон до 100: 1.9 сек. Макс скорость 303 км/ч Дальность хода по циклу NEDC: 450 км | Информация о покупке Основная цена указана в городе Гуанчжоу со всеми экспортными документами. Доставка в Туругарт + затаможка (Граница Китая и Кыргызстана) + 12 000 юаней (минимальный заказ от 1 автомобиля) Доставка в Хоргос + затаможка (граница Китая и Казахстана) + 10 500 юаней (минимальный заказ от 1 автомобиля) Доставка в порт Шанхая (со всеми экспортными документами) + 8 000 юаней (минимальный заказ от 1 автомобиля) Расчет возможен в юанях или долларах по курсу покупки юаня за доллар в Китае. Условия: между клиентом и нашей экспортной компанией контракт купли продажи. С этим контрактом идете в банк и оплачиваете международным переводом. Если автомобиль есть в наличии у дилера, мы работаем по 100% предоплате. Если автомобиля в наличии у дилера нет и нужно ждать пока фабрика его произведет, то сначала мы бронируем автомобиль на фабрике (это от 5000 до 20 000 юаней) и ждем пока фабрика его произведет. Затем контракт и 100% предоплата. Сроки: если автомобиль есть в наличии у дилера, мы берем 30 дней с момента покупки автомобиля до выдачи клиенту в Гуанчжоу. 40-50 дней до выдачи в Хоргосе. 40 дней до выдачи в порту Шанхая. (Эти сроки связаны с тем, что на автомобили нужно делать экспортные документы, перед выдачей клиенту) Сроки: если автомобиля в наличии у дилера нет. То плюс те сроки, которые фабрика возьмет на производство автомобиля. Задержки могут возникать из-за форсмажорных обстоятельств. Эпидемии, тайфуны, землетрясения, война, наводнения. Если такое случится, будем доказывать это из официальных источников. Тест-драйв и обзор на этот автомобиль https://youtu.be/9IUggYom0ms","https://project--dbec8924-ca7b-41f6-b87a-9cd9693ce1a1.lovable.app/__l5e/assets-v1/1d7e1add-0fbe-42c0-be49-5c77c5706140/catalog-car-113.jpg","","https://youtu.be/9IUggYom0ms"
"Zeekr","Zeekr 001 FR","Электромобиль или гибрид","От 870 000 ¥","CNY","Характеристики: Размеры 4950*1999*1560mm Колесная база 2999 mm Колеса R22 Батарея 100 kwh Мощность: Полный привод - 1260 л.с. Разгон 0-100: 2.0 сек. Разгон 0-200: 6.2 сек Максимальная скорость (км / ч): 280 Дальность хода по циклу NEDC: 530 км","Характеристики: Размеры 4950*1999*1560mm Колесная база 2999 mm Колеса R22 Батарея 100 kwh Мощность: Полный привод - 1260 л.с. Разгон 0-100: 2.0 сек. Разгон 0-200: 6.2 сек Максимальная скорость (км / ч): 280 Дальность хода по циклу NEDC: 530 км | Информация о покупке Основная цена указана в городе Гуанчжоу со всеми экспортными документами. Доставка в Туругарт + затаможка (Граница Китая и Кыргызстана) + 12 000 юаней (минимальный заказ от 1 автомобиля) Доставка в Хоргос + затаможка (граница Китая и Казахстана) + 10 500 юаней (минимальный заказ от 1 автомобиля) Доставка в порт Шанхая (со всеми экспортными документами) + 8 000 юаней (минимальный заказ от 1 автомобиля) Расчет возможен в юанях или долларах по курсу покупки юаня за доллар в Китае. Условия: между клиентом и нашей экспортной компанией контракт купли продажи. С этим контрактом идете в банк и оплачиваете международным переводом. Если автомобиль есть в наличии у дилера, мы работаем по 100% предоплате. Если автомобиля в наличии у дилера нет и нужно ждать пока фабрика его произведет, то сначала мы бронируем автомобиль на фабрике (это от 5000 до 20 000 юаней) и ждем пока фабрика его произведет. Затем контракт и 100% предоплата. Сроки: если автомобиль есть в наличии у дилера, мы берем 10 дней с момента покупки автомобиля до выдачи клиенту в Гуанчжоу. 25-30 дней до выдачи в Хоргосе. 25 дней до выдачи в порту Шанхая. (Эти сроки связаны с тем, что на автомобили нужно делать экспортные документы, перед выдачей клиенту) Сроки: если автомобиля в наличии у дилера нет. То плюс те сроки, которые фабрика возьмет на производство автомобиля. Задержки могут возникать из-за форсмажорных обстоятельств. Эпидемии, тайфуны, землетрясения, война, наводнения. Если такое случится, будем доказывать это из официальных источников.","https://project--dbec8924-ca7b-41f6-b87a-9cd9693ce1a1.lovable.app/__l5e/assets-v1/ffb533e6-b03a-4b4d-9909-7c4e2a07bc56/catalog-car-114.jpg","",""
"Zeekr","Zeekr 001 YOU (R21) без допов","Электромобиль или гибрид","От 357 000 ¥","CNY","Характеристики: Размеры 4950*1999*1560mm Колесная база 2999 mm Колеса 255/40 R21 Батарея 100 kwh Мощность: Полный привод - 780 л.с. Разгон до 100: 3.3 сек. Максимальная скорость (км / ч): 230 Дальность хода по циклу CLTC: 700 км","Характеристики: Размеры 4950*1999*1560mm Колесная база 2999 mm Колеса 255/40 R21 Батарея 100 kwh Мощность: Полный привод - 780 л.с. Разгон до 100: 3.3 сек. Максимальная скорость (км / ч): 230 Дальность хода по циклу CLTC: 700 км | Информация о покупке Фаркоп + 7000 юаней / cпутниковая связь + 10 000 юаней / зарядник 20kw + 12800 юаней / зарядник 7kw + 5999 юаней Основная цена указана в городе Гуанчжоу со всеми экспортными документами. Доставка в Туругарт + затаможка (Граница Китая и Кыргызстана) + 12 000 юаней (минимальный заказ от 1 автомобиля) Доставка в Хоргос + затаможка (граница Китая и Казахстана) + 10 500 юаней (минимальный заказ от 1 автомобиля) Доставка в порт Шанхая (со всеми экспортными документами) + 8 000 юаней (минимальный заказ от 1 автомобиля) Расчет возможен в юанях или долларах по курсу покупки юаня за доллар в Китае. Условия: между клиентом и нашей экспортной компанией контракт купли продажи. С этим контрактом идете в банк и оплачиваете международным переводом. Если автомобиль есть в наличии у дилера, мы работаем по 100% предоплате. Если автомобиля в наличии у дилера нет и нужно ждать пока фабрика его произведет, то сначала мы бронируем автомобиль на фабрике (это от 5000 до 20 000 юаней) и ждем пока фабрика его произведет. Затем контракт и 100% предоплата. Сроки: если автомобиль есть в наличии у дилера, мы берем 10 дней с момента покупки автомобиля до выдачи клиенту в Гуанчжоу. 25-30 дней до выдачи в Хоргосе. 25 дней до выдачи в порту Шанхая. (Эти сроки связаны с тем, что на автомобили нужно делать экспортные документы, перед выдачей клиенту) Сроки: если автомобиля в наличии у дилера нет. То плюс те сроки, которые фабрика возьмет на производство автомобиля. Задержки могут возникать из-за форсмажорных обстоятельств. Эпидемии, тайфуны, землетрясения, война, наводнения. Если такое случится, будем доказывать это из официальных источников. Обзор и тест драйв на автомобиль https://www.youtube.com/watch?v=C2PIc82yBjc&t=775s","https://project--dbec8924-ca7b-41f6-b87a-9cd9693ce1a1.lovable.app/__l5e/assets-v1/d7644b32-b74c-4f50-acaa-9ede74bba905/catalog-car-115.jpg","",""
"Zeekr","Zeekr 001 Z-sport (R22) + сидения (Алькантара) без допов","Электромобиль или гибрид","От 398 000 ¥","CNY","Характеристики: Размеры 4950*1999*1560mm Колесная база 2999 mm Колеса 265/40 R22 Батарея 100 kwh Мощность: Полный привод - 788 л.с. Разгон до 100: 3.3 сек. Максимальная скорость (км / ч): 230 Дальность хода по циклу CLTC: 7005 км","Характеристики: Размеры 4950*1999*1560mm Колесная база 2999 mm Колеса 265/40 R22 Батарея 100 kwh Мощность: Полный привод - 788 л.с. Разгон до 100: 3.3 сек. Максимальная скорость (км / ч): 230 Дальность хода по циклу CLTC: 7005 км | Информация о покупке Фаркоп + 7000 юаней / cпутниковая связь + 10 000 юаней / зарядник 20kw + 12800 юаней / зарядник 7kw + 5999 юаней Основная цена указана в городе Гуанчжоу со всеми экспортными документами. Доставка в Туругарт + затаможка (Граница Китая и Кыргызстана) + 12 000 юаней (минимальный заказ от 1 автомобиля) Доставка в Хоргос + затаможка (граница Китая и Казахстана) + 10 500 юаней (минимальный заказ от 1 автомобиля) Доставка в порт Шанхая (со всеми экспортными документами) + 8 000 юаней (минимальный заказ от 1 автомобиля) Расчет возможен в юанях или долларах по курсу покупки юаня за доллар в Китае. Условия: между клиентом и нашей экспортной компанией контракт купли продажи. С этим контрактом идете в банк и оплачиваете международным переводом. Если автомобиль есть в наличии у дилера, мы работаем по 100% предоплате. Если автомобиля в наличии у дилера нет и нужно ждать пока фабрика его произведет, то сначала мы бронируем автомобиль на фабрике (это от 5000 до 20 000 юаней) и ждем пока фабрика его произведет. Затем контракт и 100% предоплата. Сроки: если автомобиль есть в наличии у дилера, мы берем 10 дней с момента покупки автомобиля до выдачи клиенту в Гуанчжоу. 25-30 дней до выдачи в Хоргосе. 25 дней до выдачи в порту Шанхая. (Эти сроки связаны с тем, что на автомобили нужно делать экспортные документы, перед выдачей клиенту) Сроки: если автомобиля в наличии у дилера нет. То плюс те сроки, которые фабрика возьмет на производство автомобиля. Задержки могут возникать из-за форсмажорных обстоятельств. Эпидемии, тайфуны, землетрясения, война, наводнения. Если такое случится, будем доказывать это из официальных источников. Обзор и тест драйв на автомобиль https://www.youtube.com/watch?v=C2PIc82yBjc&t=775s","https://project--dbec8924-ca7b-41f6-b87a-9cd9693ce1a1.lovable.app/__l5e/assets-v1/3b50c8eb-e3e7-448c-aeaf-fc5d64156038/catalog-car-116.jpg","",""
"Zeekr","Zeekr 007 (3.4сек/100) R20 без допов","Электромобиль или гибрид","От 290 000 ¥","CNY","Характеристики: Размеры 4865 x 1900 x 1450 Колесная база 2928 mm Колеса R20 Батарея 100 kwh Мощность: Полный привод - 646 л.с. Разгон 0-100: 3.5 сек. Дальность хода по циклу NEDC: 616 км","Характеристики: Размеры 4865 x 1900 x 1450 Колесная база 2928 mm Колеса R20 Батарея 100 kwh Мощность: Полный привод - 646 л.с. Разгон 0-100: 3.5 сек. Дальность хода по циклу NEDC: 616 км | Информация о покупке Основная цена указана в городе Гуанчжоу со всеми экспортными документами. Доставка в Туругарт + затаможка (Граница Китая и Кыргызстана) + 12 000 юаней (минимальный заказ от 1 автомобиля) Камеры вместо зеркал заднего вида + 12000 юаней Доставка в Хоргос + затаможка (граница Китая и Казахстана) + 10 500 юаней (минимальный заказ от 1 автомобиля) Доставка в порт Шанхая (со всеми экспортными документами) + 8 000 юаней (минимальный заказ от 1 автомобиля) Расчет возможен в юанях или долларах по курсу покупки юаня за доллар в Китае. Условия: между клиентом и нашей экспортной компанией контракт купли продажи. С этим контрактом идете в банк и оплачиваете международным переводом. Если автомобиль есть в наличии у дилера, мы работаем по 100% предоплате. Если автомобиля в наличии у дилера нет и нужно ждать пока фабрика его произведет, то сначала мы бронируем автомобиль на фабрике (это от 5000 до 20 000 юаней) и ждем пока фабрика его произведет. Затем контракт и 100% предоплата. Сроки: если автомобиль есть в наличии у дилера, мы берем 10 дней с момента покупки автомобиля до выдачи клиенту в Гуанчжоу. 25-30 дней до выдачи в Хоргосе. 25 дней до выдачи в порту Шанхая. (Эти сроки связаны с тем, что на автомобили нужно делать экспортные документы, перед выдачей клиенту) Сроки: если автомобиля в наличии у дилера нет. То плюс те сроки, которые фабрика возьмет на производство автомобиля. Задержки могут возникать из-за форсмажорных обстоятельств. Эпидемии, тайфуны, землетрясения, война, наводнения. Если такое случится, будем доказывать это из официальных источников. Тест-драйв https://www.youtube.com/watch?v=bL7KmioxhSw","https://project--dbec8924-ca7b-41f6-b87a-9cd9693ce1a1.lovable.app/__l5e/assets-v1/f4f0930f-c11a-4346-8f00-ad5b9a123084/catalog-car-117.jpg","",""
"Zeekr","Zeekr 007 GT 100квтч без допов","Электромобиль или гибрид","От 277 000 ¥","CNY","Характеристики: Размеры 4864 x 1900 x 1445 Колесная база 2928 mm Колеса R19 Батарея 100 kwh Полный привод - 730 л.с. Разгон 0-100: 2.9 сек. Дальность хода по циклу СLTC: 720 км","Характеристики: Размеры 4864 x 1900 x 1445 Колесная база 2928 mm Колеса R19 Батарея 100 kwh Полный привод - 730 л.с. Разгон 0-100: 2.9 сек. Дальность хода по циклу СLTC: 720 км | Информация о покупке Основная цена указана в городе Гуанчжоу со всеми экспортными документами. Доставка в Туругарт + затаможка (Граница Китая и Кыргызстана) + 12 000 юаней (минимальный заказ от 1 автомобиля) Камеры вместо зеркал заднего вида + 12000 юаней Доставка в Хоргос + затаможка (граница Китая и Казахстана) + 10 500 юаней (минимальный заказ от 1 автомобиля) Доставка в порт Шанхая (со всеми экспортными документами) + 8 000 юаней (минимальный заказ от 1 автомобиля) Расчет возможен в юанях или долларах по курсу покупки юаня за доллар в Китае. Условия: между клиентом и нашей экспортной компанией контракт купли продажи. С этим контрактом идете в банк и оплачиваете международным переводом. Если автомобиль есть в наличии у дилера, мы работаем по 100% предоплате. Если автомобиля в наличии у дилера нет и нужно ждать пока фабрика его произведет, то сначала мы бронируем автомобиль на фабрике (это от 5000 до 20 000 юаней) и ждем пока фабрика его произведет. Затем контракт и 100% предоплата. Сроки: если автомобиль есть в наличии у дилера, мы берем 10 дней с момента покупки автомобиля до выдачи клиенту в Гуанчжоу. 25-30 дней до выдачи в Хоргосе. 25 дней до выдачи в порту Шанхая. (Эти сроки связаны с тем, что на автомобили нужно делать экспортные документы, перед выдачей клиенту) Сроки: если автомобиля в наличии у дилера нет. То плюс те сроки, которые фабрика возьмет на производство автомобиля. Задержки могут возникать из-за форсмажорных обстоятельств. Эпидемии, тайфуны, землетрясения, война, наводнения. Если такое случится, будем доказывать это из официальных источников. Обзор и тест-драйв https://youtu.be/bCQvIL12RRo","https://project--dbec8924-ca7b-41f6-b87a-9cd9693ce1a1.lovable.app/__l5e/assets-v1/c5bd7237-5547-4931-8c36-c9992f447d51/catalog-car-118.jpg","",""
"Zeekr","Zeekr 007 слабая версия + все допы","Электромобиль или гибрид","От 311 000 ¥","CNY","Характеристики: Размеры 4865 x 1900 x 1450 Колесная база 2928 mm Колеса R20 Батарея 100 kwh Мощность: Полный привод - 420 л.с. Разгон 0-100: 5.4 сек. Дальность хода по циклу NEDC: 870 км","Характеристики: Размеры 4865 x 1900 x 1450 Колесная база 2928 mm Колеса R20 Батарея 100 kwh Мощность: Полный привод - 420 л.с. Разгон 0-100: 5.4 сек. Дальность хода по циклу NEDC: 870 км | Информация о покупке Основная цена указана в городе Гуанчжоу со всеми экспортными документами. Доставка в Туругарт + затаможка (Граница Китая и Кыргызстана) + 12 000 юаней (минимальный заказ от 1 автомобиля) Камеры вместо зеркал заднего вида + 12000 юаней Доставка в Хоргос + затаможка (граница Китая и Казахстана) + 10 500 юаней (минимальный заказ от 1 автомобиля) Доставка в порт Шанхая (со всеми экспортными документами) + 8 000 юаней (минимальный заказ от 1 автомобиля) Расчет возможен в юанях или долларах по курсу покупки юаня за доллар в Китае. Условия: между клиентом и нашей экспортной компанией контракт купли продажи. С этим контрактом идете в банк и оплачиваете международным переводом. Если автомобиль есть в наличии у дилера, мы работаем по 100% предоплате. Если автомобиля в наличии у дилера нет и нужно ждать пока фабрика его произведет, то сначала мы бронируем автомобиль на фабрике (это от 5000 до 20 000 юаней) и ждем пока фабрика его произведет. Затем контракт и 100% предоплата. Сроки: если автомобиль есть в наличии у дилера, мы берем 10 дней с момента покупки автомобиля до выдачи клиенту в Гуанчжоу. 25-30 дней до выдачи в Хоргосе. 25 дней до выдачи в порту Шанхая. (Эти сроки связаны с тем, что на автомобили нужно делать экспортные документы, перед выдачей клиенту) Сроки: если автомобиля в наличии у дилера нет. То плюс те сроки, которые фабрика возьмет на производство автомобиля. Задержки могут возникать из-за форсмажорных обстоятельств. Эпидемии, тайфуны, землетрясения, война, наводнения. Если такое случится, будем доказывать это из официальных источников. Тест-драйв https://www.youtube.com/watch?v=bL7KmioxhSw","https://project--dbec8924-ca7b-41f6-b87a-9cd9693ce1a1.lovable.app/__l5e/assets-v1/20068ba5-61ea-4999-862e-025c135f24d1/catalog-car-119.jpg","",""
"Zeekr","Zeekr 007. (2.8сек/100) + все допы без зарядки","Электромобиль или гибрид","От 337 000 ¥","CNY","Характеристики: Размеры 4865 x 1900 x 1450 Колесная база 2928 mm Колеса R20 Батарея 100 kwh Мощность: Полный привод - 640 л.с. Разгон 0-100: 2.8 сек. Дальность хода по циклу СLTC: 616 км","Характеристики: Размеры 4865 x 1900 x 1450 Колесная база 2928 mm Колеса R20 Батарея 100 kwh Мощность: Полный привод - 640 л.с. Разгон 0-100: 2.8 сек. Дальность хода по циклу СLTC: 616 км | Информация о покупке Основная цена указана в городе Гуанчжоу со всеми экспортными документами. Доставка в Туругарт + затаможка (Граница Китая и Кыргызстана) + 12 000 юаней (минимальный заказ от 1 автомобиля) Камеры вместо зеркал заднего вида + 12000 юаней Доставка в Хоргос + затаможка (граница Китая и Казахстана) + 10 500 юаней (минимальный заказ от 1 автомобиля) Доставка в порт Шанхая (со всеми экспортными документами) + 8 000 юаней (минимальный заказ от 1 автомобиля) Расчет возможен в юанях или долларах по курсу покупки юаня за доллар в Китае. Условия: между клиентом и нашей экспортной компанией контракт купли продажи. С этим контрактом идете в банк и оплачиваете международным переводом. Если автомобиль есть в наличии у дилера, мы работаем по 100% предоплате. Если автомобиля в наличии у дилера нет и нужно ждать пока фабрика его произведет, то сначала мы бронируем автомобиль на фабрике (это от 5000 до 20 000 юаней) и ждем пока фабрика его произведет. Затем контракт и 100% предоплата. Сроки: если автомобиль есть в наличии у дилера, мы берем 10 дней с момента покупки автомобиля до выдачи клиенту в Гуанчжоу. 25-30 дней до выдачи в Хоргосе. 25 дней до выдачи в порту Шанхая. (Эти сроки связаны с тем, что на автомобили нужно делать экспортные документы, перед выдачей клиенту) Сроки: если автомобиля в наличии у дилера нет. То плюс те сроки, которые фабрика возьмет на производство автомобиля. Задержки могут возникать из-за форсмажорных обстоятельств. Эпидемии, тайфуны, землетрясения, война, наводнения. Если такое случится, будем доказывать это из официальных источников. Обзор и тест-драйв https://youtu.be/bL7KmioxhSw","https://project--dbec8924-ca7b-41f6-b87a-9cd9693ce1a1.lovable.app/__l5e/assets-v1/1134e31d-b815-4f3b-9f0e-da529aeabba3/catalog-car-120.png","",""
"Zeekr","Zeekr 009 (4мест люкс) в топе","Электромобиль или гибрид","От 889 000 ¥","CNY","Характеристики: Размеры 5209*2024*1850 Колесная база 3205 mm Колеса R20 Батарея 108 kwh Мощность: Полный привод 870лс Разгон до 100: 3.9 сек. Дальность хода по циклу NEDC: 700 км","Характеристики: Размеры 5209*2024*1850 Колесная база 3205 mm Колеса R20 Батарея 108 kwh Мощность: Полный привод 870лс Разгон до 100: 3.9 сек. Дальность хода по циклу NEDC: 700 км | Информация о покупке Основная цена указана в городе Гуанчжоу со всеми экспортными документами. Доставка в Туругарт + затаможка (Граница Китая и Кыргызстана) + 12 000 юаней (минимальный заказ от 1 автомобиля) Доставка в Хоргос + затаможка (граница Китая и Казахстана) + 10 500 юаней (минимальный заказ от 1 автомобиля) Доставка в порт Шанхая (со всеми экспортными документами) + 8 000 юаней (минимальный заказ от 1 автомобиля) Расчет возможен в юанях или долларах по курсу покупки юаня за доллар в Китае. Условия: между клиентом и нашей экспортной компанией контракт купли продажи. С этим контрактом идете в банк и оплачиваете международным переводом. Если автомобиль есть в наличии у дилера, мы работаем по 100% предоплате. Если автомобиля в наличии у дилера нет и нужно ждать пока фабрика его произведет, то сначала мы бронируем автомобиль на фабрике (это от 5000 до 20 000 юаней) и ждем пока фабрика его произведет. Затем контракт и 100% предоплата. Сроки: если автомобиль есть в наличии у дилера, мы берем 10 дней с момента покупки автомобиля до выдачи клиенту в Гуанчжоу. 25-30 дней до выдачи в Хоргосе. 25 дней до выдачи в порту Шанхая. (Эти сроки связаны с тем, что на автомобили нужно делать экспортные документы, перед выдачей клиенту) Сроки: если автомобиля в наличии у дилера нет. То плюс те сроки, которые фабрика возьмет на производство автомобиля. Задержки могут возникать из-за форсмажорных обстоятельств. Эпидемии, тайфуны, землетрясения, война, наводнения. Если такое случится, будем доказывать это из официальных источников. Обзор и тест-драйв - https://youtu.be/xs9dhWlhM9I","https://project--dbec8924-ca7b-41f6-b87a-9cd9693ce1a1.lovable.app/__l5e/assets-v1/34962ceb-f906-4d43-bcb3-8ce6d5a54849/catalog-car-121.jpg","",""
"Zeekr","Zeekr 6 местн 009 R20 (140kwh) без допов","Электромобиль или гибрид","От 584 000 ¥","CNY","Характеристики: Размеры 5209*2024*1850 Колесная база 3205 mm Колеса R20 Батарея 140 kwh Мощность: Полный привод 870лс Разгон до 100: 3.9 сек. Дальность хода по циклу NEDC: 800 км","Характеристики: Размеры 5209*2024*1850 Колесная база 3205 mm Колеса R20 Батарея 140 kwh Мощность: Полный привод 870лс Разгон до 100: 3.9 сек. Дальность хода по циклу NEDC: 800 км | Информация о покупке Основная цена указана в городе Гуанчжоу со всеми экспортными документами. Цена на Zeekr 009 (116kwh) - 474 000 юаней в Гуанчжоу со всеми экспортными документами Доставка в Туругарт + затаможка (Граница Китая и Кыргызстана) + 12 000 юаней (минимальный заказ от 1 автомобиля) Доставка в Хоргос + затаможка (граница Китая и Казахстана) + 10 500 юаней (минимальный заказ от 1 автомобиля) Доставка в порт Шанхая (со всеми экспортными документами) + 8 000 юаней (минимальный заказ от 1 автомобиля) Расчет возможен в юанях или долларах по курсу покупки юаня за доллар в Китае. Условия: между клиентом и нашей экспортной компанией контракт купли продажи. С этим контрактом идете в банк и оплачиваете международным переводом. Если автомобиль есть в наличии у дилера, мы работаем по 100% предоплате. Если автомобиля в наличии у дилера нет и нужно ждать пока фабрика его произведет, то сначала мы бронируем автомобиль на фабрике (это от 5000 до 20 000 юаней) и ждем пока фабрика его произведет. Затем контракт и 100% предоплата. Сроки: если автомобиль есть в наличии у дилера, мы берем 10 дней с момента покупки автомобиля до выдачи клиенту в Гуанчжоу. 25-30 дней до выдачи в Хоргосе. 25 дней до выдачи в порту Шанхая. (Эти сроки связаны с тем, что на автомобили нужно делать экспортные документы, перед выдачей клиенту) Сроки: если автомобиля в наличии у дилера нет. То плюс те сроки, которые фабрика возьмет на производство автомобиля. Задержки могут возникать из-за форсмажорных обстоятельств. Эпидемии, тайфуны, землетрясения, война, наводнения. Если такое случится, будем доказывать это из официальных источников. Обзор и тест-драйв - https://youtu.be/xs9dhWlhM9I","https://project--dbec8924-ca7b-41f6-b87a-9cd9693ce1a1.lovable.app/__l5e/assets-v1/728a4a84-fac8-4b28-bd07-7938890f8110/catalog-car-122.jpg","",""
"Zeekr","Zeekr 7X ТОП (R19) Без допов","Электромобиль или гибрид","От 294 000 ¥","CNY","Характеристики: Размеры 4825 x 1930 x 1656 Колёсная база 2925 mm. Колеса 265/45 R20 (идут допом) Батарея 100 kwh Мощность 640 лс Привод полный Пневма Разгон 3.8сек / 100","Характеристики: Размеры 4825 x 1930 x 1656 Колёсная база 2925 mm. Колеса 265/45 R20 (идут допом) Батарея 100 kwh Мощность 640 лс Привод полный Пневма Разгон 3.8сек / 100 | Информация о покупке ДОПЫ: топ диски R20 (cветлые +5000ю , темные +7000ю ) / Кожа наппа +8000ю . / Автодвери +16000ю . / Дисплей над бампером +8000ю . / Умный задний ряд (дисплей в подлокотнике, атаманка, вентиляция, массаж, розетка 220v - все вместе +5000ю . / Экран OLED 2K и столик в спинке правого сидения + 5000ю . / Зарядное 7kw - 2999ю . / Зарядное 20kw - 13800ю . Основная цена указана в городе Гуанчжоу со всеми экспортными документами. Доставка в Туругарт + затаможка (Граница Китая и Кыргызстана) + 12 000 юаней (минимальный заказ от 1 автомобиля) Доставка в Хоргос + затаможка (граница Китая и Казахстана) + 10 500 юаней (минимальный заказ от 1 автомобиля) Доставка в порт Шанхая (со всеми экспортными документами) + 8 000 юаней (минимальный заказ от 1 автомобиля) Расчет возможен в юанях или долларах по курсу покупки юаня за доллар в Китае. Условия: между клиентом и нашей экспортной компанией контракт купли продажи. С этим контрактом идете в банк и оплачиваете международным переводом. Если автомобиль есть в наличии у дилера, мы работаем по 100% предоплате. Если автомобиля в наличии у дилера нет и нужно ждать пока фабрика его произведет, то сначала мы бронируем автомобиль на фабрике (это от 5000 до 20 000 юаней) и ждем пока фабрика его произведет. Затем контракт и 100% предоплата. Сроки: если автомобиль есть в наличии у дилера, мы берем 10 дней с момента покупки автомобиля до выдачи клиенту в Гуанчжоу. 25-30 дней до выдачи в Хоргосе. 25 дней до выдачи в порту Шанхая. (Эти сроки связаны с тем, что на автомобили нужно делать экспортные документы, перед выдачей клиенту) Сроки: если автомобиля в наличии у дилера нет. То плюс те сроки, которые фабрика возьмет на производство автомобиля. Задержки могут возникать из-за форсмажорных обстоятельств. Эпидемии, тайфуны, землетрясения, война, наводнения. Если такое случится, будем доказывать это из официальных источников. Обзор и тест-драйв https://youtu.be/HiC88ZAPWUk","https://project--dbec8924-ca7b-41f6-b87a-9cd9693ce1a1.lovable.app/__l5e/assets-v1/9bcba4dc-e077-4cfe-afbe-00834bdb1038/catalog-car-123.png","",""
"Zeekr","Zeekr 9X Max в базе","Электромобиль или гибрид","От 532 000 ¥","CNY","Характеристики: Размеры 5239 x 2029 x 1819 База 3169 Колеса R22 ДВС 2.0T - 276 лс 3 электромотора 897лс Разгон до 100: 3.9 сек. Батарея 55 kwh Категории: Авто","Характеристики: Размеры 5239 x 2029 x 1819 База 3169 Колеса R22 ДВС 2.0T - 276 лс 3 электромотора 897лс Разгон до 100: 3.9 сек. Батарея 55 kwh Категории: Авто | Информация о покупке Версия Ultra (70квтч) без допов - 514 000 юаней Версия Hyper - 576 000 юаней Основная цена указана в городе Гуанчжоу со всеми экспортными документами. Доставка в Туругарт + затаможка (Граница Китая и Кыргызстана) + 12 000 юаней (минимальный заказ от 1 автомобиля) Доставка в Хоргос + затаможка (граница Китая и Казахстана) + 10 500 юаней (минимальный заказ от 1 автомобиля) Доставка в порт Шанхая (со всеми экспортными документами) + 8 000 юаней (минимальный заказ от 1 автомобиля) Расчет возможен в юанях или долларах по курсу покупки юаня за доллар в Китае. Условия: между клиентом и нашей экспортной компанией контракт купли продажи. С этим контрактом идете в банк и оплачиваете международным переводом. Если автомобиль есть в наличии у дилера, мы работаем по 100% предоплате. Если автомобиля в наличии у дилера нет и нужно ждать пока фабрика его произведет, то сначала мы бронируем автомобиль на фабрике (это от 5000 до 20 000 юаней) и ждем пока фабрика его произведет. Затем контракт и 100% предоплата. Сроки: если автомобиль есть в наличии у дилера, мы берем 30 дней с момента покупки автомобиля до выдачи клиенту в Гуанчжоу. 40-50 дней до выдачи в Хоргосе. 40 дней до выдачи в порту Шанхая. (Эти сроки связаны с тем, что на автомобили нужно делать экспортные документы, перед выдачей клиенту) Сроки: если автомобиля в наличии у дилера нет. То плюс те сроки, которые фабрика возьмет на производство автомобиля. Задержки могут возникать из-за форсмажорных обстоятельств. Эпидемии, тайфуны, землетрясения, война, наводнения. Если такое случится, будем доказывать это из официальных источников. Обзор на этот автомобиль https://youtu.be/b0ocegm9MCo Тест драйв - https://youtu.be/Rvc7VctQ6s4","https://project--dbec8924-ca7b-41f6-b87a-9cd9693ce1a1.lovable.app/__l5e/assets-v1/52fa1a61-7c8f-4ff4-8a06-3f18f986b3b6/catalog-car-124.jpg","",""
"Zeekr","Zeekr-X топ 4 местн (R20) (+ все допы)","Электромобиль или гибрид","От 277 000 ¥","CNY","Характеристики: Размеры 4455 x 1836 x 1572mm Колесная база 2750 mm Колеса 235/50 R20 Батарея 66 kwh Мощность: полный привод - 435л.с. Разгон до 100: 3.7 сек. Дальность хода по циклу NEDC: 510 км","Характеристики: Размеры 4455 x 1836 x 1572mm Колесная база 2750 mm Колеса 235/50 R20 Батарея 66 kwh Мощность: полный привод - 435л.с. Разгон до 100: 3.7 сек. Дальность хода по циклу NEDC: 510 км | Информация о покупке Zeekr X 5-мест 2 мотора (R20) + все допы - 236000 юаней Основная цена указана в городе Гуанчжоу со всеми экспортными документами. Доставка в Туругарт + затаможка (Граница Китая и Кыргызстана) + 12 000 юаней (минимальный заказ от 1 автомобиля) Доставка в Хоргос + затаможка (граница Китая и Казахстана) + 10 500 юаней (минимальный заказ от 1 автомобиля) Доставка в порт Шанхая (со всеми экспортными документами) + 8 000 юаней (минимальный заказ от 1 автомобиля) Расчет возможен в юанях или долларах по курсу покупки юаня за доллар в Китае. Условия: между клиентом и нашей экспортной компанией контракт купли продажи. С этим контрактом идете в банк и оплачиваете международным переводом. Если автомобиль есть в наличии у дилера, мы работаем по 100% предоплате. Если автомобиля в наличии у дилера нет и нужно ждать пока фабрика его произведет, то сначала мы бронируем автомобиль на фабрике (это от 5000 до 20 000 юаней) и ждем пока фабрика его произведет. Затем контракт и 100% предоплата. Сроки: если автомобиль есть в наличии у дилера, мы берем 10 дней с момента покупки автомобиля до выдачи клиенту в Гуанчжоу. 25-30 дней до выдачи в Хоргосе. 25 дней до выдачи в порту Шанхая. (Эти сроки связаны с тем, что на автомобили нужно делать экспортные документы, перед выдачей клиенту) Сроки: если автомобиля в наличии у дилера нет. То плюс те сроки, которые фабрика возьмет на производство автомобиля. Задержки могут возникать из-за форсмажорных обстоятельств. Эпидемии, тайфуны, землетрясения, война, наводнения. Если такое случится, будем доказывать это из официальных источников.","https://project--dbec8924-ca7b-41f6-b87a-9cd9693ce1a1.lovable.app/__l5e/assets-v1/f328c930-f3e1-4c23-a1bc-8ddd8f34e072/catalog-car-125.png","",""
"Zhiji","Zhiji (ImMotors) LS7","Электромобиль или гибрид","От 478 000 ¥","CNY","Характеристики: Размеры 5049 мм, ширина — 2002 мм, высота — 1731 мм Колесная база 3060 мм Батарея 100 kwh Мощность: Полный привод 580 лс Разгон до 100: 4.5 сек. Колеса R22 Дальность хода по циклу NEDC: 550 км","Характеристики: Размеры 5049 мм, ширина — 2002 мм, высота — 1731 мм Колесная база 3060 мм Батарея 100 kwh Мощность: Полный привод 580 лс Разгон до 100: 4.5 сек. Колеса R22 Дальность хода по циклу NEDC: 550 км | Информация о покупке Основная цена указана в городе Гуанчжоу со всеми экспортными документами. Доставка в Туругарт + затаможка (Граница Китая и Кыргызстана) + 12 000 юаней (минимальный заказ от 1 автомобиля) Доставка в Хоргос + затаможка (граница Китая и Казахстана) + 10 500 юаней (минимальный заказ от 1 автомобиля) Доставка в порт Шанхая (со всеми экспортными документами) + 8 000 юаней (минимальный заказ от 1 автомобиля) Расчет возможен в юанях или долларах по курсу покупки юаня за доллар в Китае. Условия: между клиентом и нашей экспортной компанией контракт купли продажи. С этим контрактом идете в банк и оплачиваете международным переводом. Если автомобиль есть в наличии у дилера, мы работаем по 100% предоплате. Если автомобиля в наличии у дилера нет и нужно ждать пока фабрика его произведет, то сначала мы бронируем автомобиль на фабрике (это от 5000 до 20 000 юаней) и ждем пока фабрика его произведет. Затем контракт и 100% предоплата. Сроки: если автомобиль есть в наличии у дилера, мы берем 30 дней с момента покупки автомобиля до выдачи клиенту в Гуанчжоу. 40-50 дней до выдачи в Хоргосе. 40 дней до выдачи в порту Шанхая. (Эти сроки связаны с тем, что на автомобили нужно делать экспортные документы, перед выдачей клиенту) Сроки: если автомобиля в наличии у дилера нет. То плюс те сроки, которые фабрика возьмет на производство автомобиля. Задержки могут возникать из-за форсмажорных обстоятельств. Эпидемии, тайфуны, землетрясения, война, наводнения. Если такое случится, будем доказывать это из официальных источников. Тест-драйв и обзор на этот автомобиль https://www.youtube.com/watch?v=_adW9ljFCmY","https://project--dbec8924-ca7b-41f6-b87a-9cd9693ce1a1.lovable.app/__l5e/assets-v1/76251c62-aee6-4b54-bcb7-d79b45866f1c/catalog-car-126.png","","https://www.youtube.com/watch?v=_adW9ljFCmY"
"Zhiji","Zhiji (Immotor) L7","Электромобиль или гибрид","От 433 000 ¥","CNY","Характеристики: Размеры 5098 x 1960 x 1482mm Колёсная база 3100 мм Колеса 245/45 R19 Батарея 97 kwh Мощность: Полный привод - 544 л.с. Разгон до 100: 3.9 сек. Дальность хода по циклу NEDC: 600 км","Характеристики: Размеры 5098 x 1960 x 1482mm Колёсная база 3100 мм Колеса 245/45 R19 Батарея 97 kwh Мощность: Полный привод - 544 л.с. Разгон до 100: 3.9 сек. Дальность хода по циклу NEDC: 600 км | Информация о покупке Основная цена указана в городе Гуанчжоу со всеми экспортными документами. Доставка в Туругарт + затаможка (Граница Китая и Кыргызстана) + 12 000 юаней (минимальный заказ от 1 автомобиля) Доставка в Хоргос + затаможка (граница Китая и Казахстана) + 10 500 юаней (минимальный заказ от 1 автомобиля) Доставка в порт Шанхая (со всеми экспортными документами) + 8 000 юаней (минимальный заказ от 1 автомобиля) Расчет возможен в юанях или долларах по курсу покупки юаня за доллар в Китае. Условия: между клиентом и нашей экспортной компанией контракт купли продажи. С этим контрактом идете в банк и оплачиваете международным переводом. Если автомобиль есть в наличии у дилера, мы работаем по 100% предоплате. Если автомобиля в наличии у дилера нет и нужно ждать пока фабрика его произведет, то сначала мы бронируем автомобиль на фабрике (это от 5000 до 20 000 юаней) и ждем пока фабрика его произведет. Затем контракт и 100% предоплата. Сроки: если автомобиль есть в наличии у дилера, мы берем 30 дней с момента покупки автомобиля до выдачи клиенту в Гуанчжоу. 40-50 дней до выдачи в Хоргосе. 40 дней до выдачи в порту Шанхая. (Эти сроки связаны с тем, что на автомобили нужно делать экспортные документы, перед выдачей клиенту) Сроки: если автомобиля в наличии у дилера нет. То плюс те сроки, которые фабрика возьмет на производство автомобиля. Задержки могут возникать из-за форсмажорных обстоятельств. Эпидемии, тайфуны, землетрясения, война, наводнения. Если такое случится, будем доказывать это из официальных источников. Тест-драйв и обзор на этот автомобиль https://www.youtube.com/watch?v=xRTUMV_0wb8&t=4s","https://project--dbec8924-ca7b-41f6-b87a-9cd9693ce1a1.lovable.app/__l5e/assets-v1/5f483fe5-333e-4a17-9973-224ad5af8054/catalog-car-127.jpg","","https://www.youtube.com/watch?v=xRTUMV_0wb8&t=4s"
"Zhiji","Zhiji LS6","Электромобиль или гибрид","От 290 000 ¥","CNY","Характеристики: Размеры 4904 x 1988 x 1669 Колесная база 2950 мм Батарея 100 kwh Мощность: Полный привод 785 лс Разгон до 100: 3.4 сек. Колеса R20 Дальность хода: 600 км","Характеристики: Размеры 4904 x 1988 x 1669 Колесная база 2950 мм Батарея 100 kwh Мощность: Полный привод 785 лс Разгон до 100: 3.4 сек. Колеса R20 Дальность хода: 600 км | Информация о покупке Основная цена указана в городе Гуанчжоу со всеми экспортными документами. Доставка в Туругарт + затаможка (Граница Китая и Кыргызстана) + 12 000 юаней (минимальный заказ от 1 автомобиля) Доставка в Хоргос + затаможка (граница Китая и Казахстана) + 10 500 юаней (минимальный заказ от 1 автомобиля) Доставка в порт Шанхая (со всеми экспортными документами) + 8 000 юаней (минимальный заказ от 1 автомобиля) Расчет возможен в юанях или долларах по курсу покупки юаня за доллар в Китае. Условия: между клиентом и нашей экспортной компанией контракт купли продажи. С этим контрактом идете в банк и оплачиваете международным переводом. Если автомобиль есть в наличии у дилера, мы работаем по 100% предоплате. Если автомобиля в наличии у дилера нет и нужно ждать пока фабрика его произведет, то сначала мы бронируем автомобиль на фабрике (это от 5000 до 20 000 юаней) и ждем пока фабрика его произведет. Затем контракт и 100% предоплата. Сроки: если автомобиль есть в наличии у дилера, мы берем 30 дней с момента покупки автомобиля до выдачи клиенту в Гуанчжоу. 40-50 дней до выдачи в Хоргосе. 40 дней до выдачи в порту Шанхая. (Эти сроки связаны с тем, что на автомобили нужно делать экспортные документы, перед выдачей клиенту) Сроки: если автомобиля в наличии у дилера нет. То плюс те сроки, которые фабрика возьмет на производство автомобиля. Задержки могут возникать из-за форсмажорных обстоятельств. Эпидемии, тайфуны, землетрясения, война, наводнения. Если такое случится, будем доказывать это из официальных источников. Тест-драйв и обзор на этот автомобиль https://www.youtube.com/watch?v=w_0khFKkdSM","https://project--dbec8924-ca7b-41f6-b87a-9cd9693ce1a1.lovable.app/__l5e/assets-v1/a286c535-d7f1-403a-bcce-a22e50d0d380/catalog-car-128.png","","https://www.youtube.com/watch?v=w_0khFKkdSM"
"BMW","bmw i3 eDrive40L (топ)","Электромобиль или гибрид","От 231 000 ¥","CNY","Характеристики: Размеры 4872x1846x1481 Колесная база 2966 Колеса 245/45 R19 Мощность 1 электромотор. Задний привод - 340 л.с. Разгон до 100: задний привод - 5 сек Батарея 82 kwh Дальность хода цикл (NEDC): 500","Характеристики: Размеры 4872x1846x1481 Колесная база 2966 Колеса 245/45 R19 Мощность 1 электромотор. Задний привод - 340 л.с. Разгон до 100: задний привод - 5 сек Батарея 82 kwh Дальность хода цикл (NEDC): 500 | Информация о покупке Основная цена указана в городе Гуанчжоу со всеми экспортными документами. Доставка в Туругарт + затаможка (Граница Китая и Кыргызстана) + 12 000 юаней (минимальный заказ от 1 автомобиля) Доставка в Хоргос + затаможка (граница Китая и Казахстана) + 10 500 юаней (минимальный заказ от 1 автомобиля) Доставка в порт Шанхая (со всеми экспортными документами) + 8 000 юаней (минимальный заказ от 1 автомобиля) Расчет возможен в юанях или долларах по курсу покупки юаня за доллар в Китае. Условия: между клиентом и нашей экспортной компанией контракт купли продажи. С этим контрактом идете в банк и оплачиваете международным переводом. Если автомобиль есть в наличии у дилера, мы работаем по 100% предоплате. Если автомобиля в наличии у дилера нет и нужно ждать пока фабрика его произведет, то сначала мы бронируем автомобиль на фабрике (это от 5000 до 20 000 юаней) и ждем пока фабрика его произведет. Затем контракт и 100% предоплата. Сроки: если автомобиль есть в наличии у дилера, мы берем 30 дней с момента покупки автомобиля до выдачи клиенту в Гуанчжоу. 40-50 дней до выдачи в Хоргосе. 40 дней до выдачи в порту Шанхая. (Эти сроки связаны с тем, что на автомобили нужно делать экспортные документы, перед выдачей клиенту) Сроки: если автомобиля в наличии у дилера нет. То плюс те сроки, которые фабрика возьмет на производство автомобиля. Задержки могут возникать из-за форсмажорных обстоятельств. Эпидемии, тайфуны, землетрясения, война, наводнения. Если такое случится, будем доказывать это из официальных источников. Тест-драйв и обзор на этот автомобиль https://www.youtube.com/watch?v=uy8ci0LF-Gw","https://project--dbec8924-ca7b-41f6-b87a-9cd9693ce1a1.lovable.app/__l5e/assets-v1/34805854-c2fa-4026-9133-cd45824491ac/catalog-car-129.jpg","","https://www.youtube.com/watch?v=uy8ci0LF-Gw"
"BYD","byd qin plus dm-i (гибрид) топ","Электромобиль или гибрид","От 149 000 ¥","CNY","Характеристики: Размеры 4765x1837x1495 mm Колесная база 2718 mm Привод: передний Мощность: 197л.с. Разгон 7.1 сек/100 Батарея 18.5 kwh Пробег 120км на чисто заряде батареи Бак (бензин): 48 литров Разгон до 100: 7.9 сек","Характеристики: Размеры 4765x1837x1495 mm Колесная база 2718 mm Привод: передний Мощность: 197л.с. Разгон 7.1 сек/100 Батарея 18.5 kwh Пробег 120км на чисто заряде батареи Бак (бензин): 48 литров Разгон до 100: 7.9 сек | Информация о покупке Основная цена указана в городе Гуанчжоу со всеми экспортными документами. Доставка в Туругарт + затаможка (Граница Китая и Кыргызстана) + 12 000 юаней (минимальный заказ от 1 автомобиля) Доставка в Хоргос + затаможка (граница Китая и Казахстана) + 10 500 юаней (минимальный заказ от 1 автомобиля) Доставка в порт Шанхая (со всеми экспортными документами) + 8 000 юаней (минимальный заказ от 1 автомобиля) Расчет возможен в юанях или долларах по курсу покупки юаня за доллар в Китае. Условия: между клиентом и нашей экспортной компанией контракт купли продажи. С этим контрактом идете в банк и оплачиваете международным переводом. Если автомобиль есть в наличии у дилера, мы работаем по 100% предоплате. Если автомобиля в наличии у дилера нет и нужно ждать пока фабрика его произведет, то сначала мы бронируем автомобиль на фабрике (это от 5000 до 20 000 юаней) и ждем пока фабрика его произведет. Затем контракт и 100% предоплата. Сроки: если автомобиль есть в наличии у дилера, мы берем 30 дней с момента покупки автомобиля до выдачи клиенту в Гуанчжоу. 40-50 дней до выдачи в Хоргосе. 40 дней до выдачи в порту Шанхая. (Эти сроки связаны с тем, что на автомобили нужно делать экспортные документы, перед выдачей клиенту) Сроки: если автомобиля в наличии у дилера нет. То плюс те сроки, которые фабрика возьмет на производство автомобиля. Задержки могут возникать из-за форсмажорных обстоятельств. Эпидемии, тайфуны, землетрясения, война, наводнения. Если такое случится, будем доказывать это из официальных источников.","https://project--dbec8924-ca7b-41f6-b87a-9cd9693ce1a1.lovable.app/__l5e/assets-v1/4374c386-08b9-4290-9f32-cbd9a5add2c8/catalog-car-130.png","",""
"BYD","byd tang dm-p","Электромобиль или гибрид","От 294 000 ¥","CNY","Характеристики: Размеры 4900 x 1950 x 1725mm Колесная база 2820 mm Колеса 265/45 R21 Бак: 53л Батарея 40 kwh Мощность: Полный привод - 516 л.с. Разгон до 100: 4.4 сек. Дальность хода по циклу NEDC: 215km (nedc) Тормоза: Брембо Музыка: dynaudio","Характеристики: Размеры 4900 x 1950 x 1725mm Колесная база 2820 mm Колеса 265/45 R21 Бак: 53л Батарея 40 kwh Мощность: Полный привод - 516 л.с. Разгон до 100: 4.4 сек. Дальность хода по циклу NEDC: 215km (nedc) Тормоза: Брембо Музыка: dynaudio | Информация о покупке Основная цена указана в городе Гуанчжоу со всеми экспортными документами. Доставка в Туругарт + затаможка (Граница Китая и Кыргызстана) + 12 000 юаней (минимальный заказ от 1 автомобиля) Доставка в Хоргос + затаможка (граница Китая и Казахстана) + 10 500 юаней (минимальный заказ от 1 автомобиля) Доставка в порт Шанхая (со всеми экспортными документами) + 8 000 юаней (минимальный заказ от 1 автомобиля) Расчет возможен в юанях или долларах по курсу покупки юаня за доллар в Китае. Условия: между клиентом и нашей экспортной компанией контракт купли продажи. С этим контрактом идете в банк и оплачиваете международным переводом. Если автомобиль есть в наличии у дилера, мы работаем по 100% предоплате. Если автомобиля в наличии у дилера нет и нужно ждать пока фабрика его произведет, то сначала мы бронируем автомобиль на фабрике (это от 5000 до 20 000 юаней) и ждем пока фабрика его произведет. Затем контракт и 100% предоплата. Сроки: если автомобиль есть в наличии у дилера, мы берем 30 дней с момента покупки автомобиля до выдачи клиенту в Гуанчжоу. 40-50 дней до выдачи в Хоргосе. 40 дней до выдачи в порту Шанхая. (Эти сроки связаны с тем, что на автомобили нужно делать экспортные документы, перед выдачей клиенту) Сроки: если автомобиля в наличии у дилера нет. То плюс те сроки, которые фабрика возьмет на производство автомобиля. Задержки могут возникать из-за форсмажорных обстоятельств. Эпидемии, тайфуны, землетрясения, война, наводнения. Если такое случится, будем доказывать это из официальных источников. Тест-драйв и обзор на этот автомобиль https://youtu.be/L6X657ew7vs","https://project--dbec8924-ca7b-41f6-b87a-9cd9693ce1a1.lovable.app/__l5e/assets-v1/98197a2d-c396-4f0d-a28c-dd63ffe8e9dc/catalog-car-131.jpg","","https://youtu.be/L6X657ew7vs"
